uniprot	gene_symbol	is_CGC	is_NCG	is_OncoKB	is_MERGED
A0A024RBG1	NUDT4B	FALSE	FALSE	FALSE	FALSE
A0A075B6I3	IGLV11-55	FALSE	FALSE	FALSE	FALSE
A0A075B6S5	IGKV1-27	FALSE	FALSE	FALSE	FALSE
A0A075B734	AQP7B	FALSE	FALSE	FALSE	FALSE
A0A075B759	PPIAL4E	FALSE	FALSE	FALSE	FALSE
A0A075B767	PPIAL4H	FALSE	FALSE	FALSE	FALSE
A0A087WUL8	NBPF19	FALSE	FALSE	FALSE	FALSE
A0A087WV53	SPEGNB	FALSE	FALSE	FALSE	FALSE
A0A087WV62	TRBV16	FALSE	FALSE	FALSE	FALSE
A0A087WVF3	TBC1D3D	FALSE	FALSE	FALSE	FALSE
A0A087WW87	IGKV2-40	FALSE	FALSE	FALSE	FALSE
A0A087WXS9	TBC1D3I	FALSE	FALSE	FALSE	FALSE
A0A087X0K7	TRBV17	FALSE	FALSE	FALSE	FALSE
A0A087X179	TBC1D3E	FALSE	FALSE	FALSE	FALSE
A0A087X1G2	TBC1D3K	FALSE	FALSE	FALSE	FALSE
A0A096LNW5	NOTCH2NLR	FALSE	FALSE	FALSE	FALSE
A0A0A0MRZ7	IGKV2D-26	FALSE	FALSE	FALSE	FALSE
A0A0A0MRZ9	IGLV5-52	FALSE	FALSE	FALSE	FALSE
A0A0A0MS02	TRGV1	FALSE	FALSE	FALSE	FALSE
A0A0A0MS06	TRBV23-1	FALSE	FALSE	FALSE	FALSE
A0A0A0MT76	IGLJ1	FALSE	FALSE	FALSE	FALSE
A0A0A0MT78	TRBJ2-7	FALSE	FALSE	FALSE	FALSE
A0A0A6YYK4	TRBV7-1	FALSE	FALSE	FALSE	FALSE
A0A0B4J1U3	IGLV1-36	FALSE	FALSE	FALSE	FALSE
A0A0B4J1Z2	IGKV1D-43	FALSE	FALSE	FALSE	FALSE
A0A0B4J248	TRAV1-1	FALSE	FALSE	FALSE	FALSE
A0A0B4J264	TRAV38-1	FALSE	FALSE	FALSE	FALSE
A0A0B4J265	TRAV26-2	FALSE	FALSE	FALSE	FALSE
A0A0B4J273	TRAV34	FALSE	FALSE	FALSE	FALSE
A0A0B4J2D9	IGKV1D-13	FALSE	FALSE	FALSE	FALSE
A0A0C4DH26	IGKV6D-41	FALSE	FALSE	FALSE	FALSE
A0A0C4DH30	IGHV3-16	FALSE	FALSE	FALSE	FALSE
A0A0C4DH32	IGHV3-20	FALSE	FALSE	FALSE	FALSE
A0A0C4DH33	IGHV1-24	FALSE	FALSE	FALSE	FALSE
A0A0C4DH43	IGHV2-70D	FALSE	FALSE	FALSE	FALSE
A0A0C4DH73	IGKV1-12	FALSE	FALSE	FALSE	FALSE
A0A0G2JMI3	IGHV1-69-2	FALSE	FALSE	FALSE	FALSE
A0A0J9YXX1	IGHV5-10-1	FALSE	FALSE	FALSE	FALSE
A0A0K0K1C0	TRBV11-1	FALSE	FALSE	FALSE	FALSE
A0A0K0K1E9	TRBV7-7	FALSE	FALSE	FALSE	FALSE
A0A1B0GVZ6	MBD3L2B	FALSE	FALSE	FALSE	FALSE
A0A1B0GX78	TRBV12-5	FALSE	FALSE	FALSE	FALSE
A0A1B0GX95	TRBV7-4	FALSE	FALSE	FALSE	FALSE
A0A1W2PPD8	KDM4F	FALSE	FALSE	FALSE	FALSE
A0A1W2PPG7	GNG14	FALSE	FALSE	FALSE	FALSE
A0A1W2PQ27	SSU72L1	FALSE	FALSE	FALSE	FALSE
A0A1W2PQ64	SSU72L5	FALSE	FALSE	FALSE	FALSE
A0A1W2PQ73	ERFL	FALSE	FALSE	FALSE	FALSE
A0A1W2PQC6	SSU72L4	FALSE	FALSE	FALSE	FALSE
A0A1W2PQD8	SSU72L2	FALSE	FALSE	FALSE	FALSE
A0A1W2PQJ5	SSU72L3	FALSE	FALSE	FALSE	FALSE
A0A1W2PQL4	ZNF722	FALSE	FALSE	FALSE	FALSE
A0A1W2PR48	TLE7	FALSE	FALSE	FALSE	FALSE
A0A1W2PR75	SSU72L6	FALSE	FALSE	FALSE	FALSE
A0A1W2PR95	IGBP1C	FALSE	FALSE	FALSE	FALSE
A0A2R8Y619	H2BK1	FALSE	FALSE	FALSE	FALSE
A0A3B3IT33	TRIM51G	FALSE	FALSE	FALSE	FALSE
A0A3B3IU63	H2AL3	FALSE	FALSE	FALSE	FALSE
A0A494C071	PWWP4	FALSE	FALSE	FALSE	FALSE
A0A494C1R9	TSPY9	FALSE	FALSE	FALSE	FALSE
A0A539	TRBV4-2	FALSE	FALSE	FALSE	FALSE
A0A584	TRBV11-2	FALSE	FALSE	FALSE	FALSE
A0A5A6	TRBV11-3	FALSE	FALSE	FALSE	FALSE
A0A5F9ZHS7	NFILZ	FALSE	FALSE	FALSE	FALSE
A0A7P0TBJ1	HAPSTR2	FALSE	FALSE	FALSE	FALSE
A0A804HLA8	GNG5B	FALSE	FALSE	FALSE	FALSE
A0A8V8TMC4	CCNYL1B	FALSE	FALSE	FALSE	FALSE
A0PG75	PLSCR5	FALSE	FALSE	FALSE	FALSE
A0PJK1	SLC5A10	FALSE	FALSE	FALSE	FALSE
A0PJZ3	GXYLT2	FALSE	FALSE	FALSE	FALSE
A0PK00	TMEM120B	FALSE	FALSE	FALSE	FALSE
A1A5D9	BICDL2	FALSE	FALSE	FALSE	FALSE
A1KXE4	FAM168B	FALSE	FALSE	FALSE	FALSE
A1L453	PRSS38	FALSE	TRUE	FALSE	TRUE
A2A288	ZC3H12D	FALSE	FALSE	FALSE	FALSE
A2A3K4	PTPDC1	FALSE	TRUE	FALSE	TRUE
A2RTX5	TARS3	FALSE	FALSE	FALSE	FALSE
A4D1E1	ZNF804B	FALSE	TRUE	FALSE	TRUE
A4D256	CDC14C	FALSE	FALSE	FALSE	FALSE
A5D8T8	CLEC18A	FALSE	FALSE	FALSE	FALSE
A5D8V6	VPS37C	FALSE	FALSE	FALSE	FALSE
A5LHX3	PSMB11	FALSE	FALSE	FALSE	FALSE
A6NCK2	TRIM43B	FALSE	FALSE	FALSE	FALSE
A6NCW0	USP17L3	FALSE	FALSE	FALSE	FALSE
A6NCW7	USP17L4	FALSE	FALSE	FALSE	FALSE
A6ND01	IZUMO1R	FALSE	FALSE	FALSE	FALSE
A6NDI0	TRIM49B	FALSE	FALSE	FALSE	FALSE
A6NDS4	TBC1D3B	FALSE	TRUE	FALSE	TRUE
A6NDY0	PABPN1L	FALSE	FALSE	FALSE	FALSE
A6NE02	BTBD17	FALSE	FALSE	FALSE	FALSE
A6NE82	MBD3L3	FALSE	FALSE	FALSE	FALSE
A6NEQ0	RBMY1E	FALSE	FALSE	FALSE	FALSE
A6NER0	TBC1D3F	FALSE	FALSE	FALSE	FALSE
A6NF34	ANTXRL	FALSE	FALSE	FALSE	FALSE
A6NFH5	FABP12	FALSE	FALSE	FALSE	FALSE
A6NFQ2	TCAF2	FALSE	FALSE	FALSE	FALSE
A6NG13	MGAT4D	FALSE	FALSE	FALSE	FALSE
A6NGD5	ZSCAN5C	FALSE	FALSE	FALSE	FALSE
A6NGE4	DCAF8L1	FALSE	FALSE	FALSE	FALSE
A6NGJ6	TRIM64	FALSE	FALSE	FALSE	FALSE
A6NH57	ARL5C	FALSE	FALSE	FALSE	FALSE
A6NHJ4	ZNF860	FALSE	FALSE	FALSE	FALSE
A6NI03	TRIM64B	FALSE	FALSE	FALSE	FALSE
A6NI87	CBY3	FALSE	FALSE	FALSE	FALSE
A6NIH7	UNC119B	FALSE	FALSE	FALSE	FALSE
A6NIR3	AGAP5	FALSE	FALSE	FALSE	FALSE
A6NJ08	MBD3L5	FALSE	FALSE	FALSE	FALSE
A6NJI9	LRRC72	FALSE	FALSE	FALSE	FALSE
A6NJL1	ZSCAN5B	FALSE	FALSE	FALSE	FALSE
A6NJW4	LRRC3C	FALSE	FALSE	FALSE	FALSE
A6NJY4	TMEM238L	FALSE	FALSE	FALSE	FALSE
A6NK02	TRIM75	FALSE	FALSE	FALSE	FALSE
A6NKD2	TSPY2	FALSE	FALSE	FALSE	FALSE
A6NKT7	RGPD3	FALSE	TRUE	FALSE	TRUE
A6NLI5	TRIM64C	FALSE	FALSE	FALSE	FALSE
A6NLU5	VSTM2B	FALSE	FALSE	FALSE	FALSE
A6NM11	LRRC37A2	FALSE	FALSE	FALSE	FALSE
A6NMB9	FIGNL2	FALSE	FALSE	FALSE	FALSE
A6NMS7	LRRC37A	FALSE	FALSE	FALSE	FALSE
A6NMX2	EIF4E1B	FALSE	FALSE	FALSE	FALSE
A6NN14	ZNF729	FALSE	FALSE	FALSE	FALSE
A6NNB3	IFITM5	FALSE	FALSE	FALSE	FALSE
A6NNS2	DHRS7C	FALSE	FALSE	FALSE	FALSE
A6NP11	ZNF716	FALSE	FALSE	FALSE	FALSE
A8K7I4	CLCA1	FALSE	FALSE	FALSE	FALSE
A8MTJ3	GNAT3	FALSE	FALSE	FALSE	FALSE
A8MTL9	HMSD	FALSE	FALSE	FALSE	FALSE
A8MU46	SMTNL1	FALSE	FALSE	FALSE	FALSE
A8MV23	SERPINE3	FALSE	FALSE	FALSE	FALSE
A8MV81	HIGD1C	FALSE	FALSE	FALSE	FALSE
A8MW95	BECN2	FALSE	FALSE	FALSE	FALSE
A8MXY4	ZNF99	FALSE	TRUE	FALSE	TRUE
A8MYV0	DCDC2C	FALSE	FALSE	FALSE	FALSE
A8MYZ0	MINDY4B	FALSE	FALSE	FALSE	FALSE
B2RXH2	KDM4E	FALSE	FALSE	FALSE	FALSE
B2RXH4	BTBD18	FALSE	FALSE	FALSE	FALSE
B2RXH8	HNRNPCL2	FALSE	FALSE	FALSE	FALSE
B4DZS4	TCP11X1	FALSE	FALSE	FALSE	FALSE
B7U540	KCNJ18	FALSE	FALSE	FALSE	FALSE
B7ZW38	HNRNPCL3	FALSE	FALSE	FALSE	FALSE
C9J1S8	TRIM49D1; TRIM49D2	FALSE	FALSE	FALSE	FALSE
C9J2P7	USP17L15	FALSE	FALSE	FALSE	FALSE
C9JJH3	USP17L10	FALSE	FALSE	FALSE	FALSE
D3W0D1	KLRF2	FALSE	FALSE	FALSE	FALSE
D6RBM5	USP17L23	FALSE	FALSE	FALSE	FALSE
E9PQ53	NDUFC2-KCTD14	FALSE	FALSE	FALSE	FALSE
I1YAP6	TRIM77	FALSE	FALSE	FALSE	FALSE
O00115	DNASE2	FALSE	FALSE	FALSE	FALSE
O00214	LGALS8	FALSE	FALSE	FALSE	FALSE
O00220	TNFRSF10A	FALSE	TRUE	FALSE	TRUE
O00221	NFKBIE	TRUE	TRUE	TRUE	TRUE
O00270	GPR31	FALSE	FALSE	FALSE	FALSE
O00299	CLIC1	FALSE	FALSE	FALSE	FALSE
O00327	BMAL1	FALSE	FALSE	FALSE	FALSE
O00401	WASL	FALSE	FALSE	FALSE	FALSE
O00458	IFRD1	FALSE	FALSE	FALSE	FALSE
O00483	COXFA4	FALSE	FALSE	FALSE	FALSE
O00507	USP9Y	FALSE	FALSE	FALSE	FALSE
O00562	PITPNM1	FALSE	FALSE	FALSE	FALSE
O00626	CCL22	FALSE	FALSE	FALSE	FALSE
O14492	SH2B2	FALSE	FALSE	FALSE	FALSE
O14497	ARID1A	TRUE	TRUE	TRUE	TRUE
O14556	GAPDHS	FALSE	FALSE	FALSE	FALSE
O14602	EIF1AY	FALSE	FALSE	FALSE	FALSE
O14604	TMSB4Y	FALSE	FALSE	FALSE	FALSE
O14607	UTY	FALSE	FALSE	FALSE	FALSE
O14613	CDC42EP2	FALSE	FALSE	FALSE	FALSE
O14656	TOR1A	FALSE	FALSE	FALSE	FALSE
O14657	TOR1B	FALSE	TRUE	FALSE	TRUE
O14894	TM4SF5	FALSE	FALSE	FALSE	FALSE
O14939	PLD2	FALSE	FALSE	FALSE	FALSE
O14966	RAB29	FALSE	FALSE	FALSE	FALSE
O14974	PPP1R12A	FALSE	FALSE	FALSE	FALSE
O14975	SLC27A2	FALSE	FALSE	FALSE	FALSE
O14976	GAK	FALSE	FALSE	FALSE	FALSE
O14981	BTAF1	FALSE	FALSE	FALSE	FALSE
O14990	PPP1R2C	FALSE	FALSE	FALSE	FALSE
O15014	ZNF609	FALSE	FALSE	FALSE	FALSE
O15037	KHNYN	FALSE	FALSE	FALSE	FALSE
O15085	ARHGEF11	FALSE	TRUE	FALSE	TRUE
O15121	DEGS1	FALSE	FALSE	FALSE	FALSE
O15178	TBXT	FALSE	FALSE	FALSE	FALSE
O15205	UBD	FALSE	FALSE	FALSE	FALSE
O15244	SLC22A2	FALSE	TRUE	FALSE	TRUE
O15321	TM9SF1	FALSE	TRUE	FALSE	TRUE
O15357	INPPL1	FALSE	TRUE	TRUE	TRUE
O15389	SIGLEC5	FALSE	FALSE	FALSE	FALSE
O15397	IPO8	FALSE	FALSE	FALSE	FALSE
O15409	FOXP2	FALSE	TRUE	FALSE	TRUE
O15457	MSH4	FALSE	FALSE	FALSE	FALSE
O15460	P4HA2	FALSE	FALSE	FALSE	FALSE
O15482	TEX28; TEX28P1; TEX28P2	FALSE	FALSE	FALSE	FALSE
O15535	ZSCAN9	FALSE	FALSE	FALSE	FALSE
O43155	FLRT2	FALSE	TRUE	FALSE	TRUE
O43166	SIPA1L1	FALSE	FALSE	FALSE	FALSE
O43286	B4GALT5	FALSE	FALSE	FALSE	FALSE
O43293	DAPK3	FALSE	FALSE	FALSE	FALSE
O43301	HSPA12A	FALSE	FALSE	FALSE	FALSE
O43529	CHST10	FALSE	TRUE	FALSE	TRUE
O43559	FRS3	FALSE	FALSE	FALSE	FALSE
O43602	DCX	FALSE	FALSE	FALSE	FALSE
O43633	CHMP2A	FALSE	FALSE	FALSE	FALSE
O43665	RGS10	FALSE	FALSE	FALSE	FALSE
O43707	ACTN4	FALSE	FALSE	FALSE	FALSE
O43829	ZBTB14	FALSE	FALSE	FALSE	FALSE
O43916	CHST1	FALSE	TRUE	FALSE	TRUE
O60240	PLIN1	FALSE	FALSE	FALSE	FALSE
O60306	AQR	FALSE	FALSE	FALSE	FALSE
O60333	KIF1B	FALSE	TRUE	FALSE	TRUE
O60427	FADS1	FALSE	FALSE	FALSE	FALSE
O60499	STX10	FALSE	FALSE	FALSE	FALSE
O60684	KPNA6	FALSE	FALSE	FALSE	FALSE
O60812	HNRNPCL1	FALSE	TRUE	FALSE	TRUE
O60831	PRAF2	FALSE	FALSE	FALSE	FALSE
O75027	ABCB7	FALSE	FALSE	FALSE	FALSE
O75064	DENND4B	FALSE	TRUE	FALSE	TRUE
O75110	ATP9A	FALSE	FALSE	FALSE	FALSE
O75157	TSC22D2	FALSE	FALSE	FALSE	FALSE
O75170	PPP6R2	FALSE	TRUE	FALSE	TRUE
O75192	PEX11A	FALSE	FALSE	FALSE	FALSE
O75290	ZNF780A	FALSE	FALSE	FALSE	FALSE
O75325	LRRN2	FALSE	FALSE	FALSE	FALSE
O75344	FKBP6	FALSE	FALSE	FALSE	FALSE
O75346	ZNF253	FALSE	TRUE	FALSE	TRUE
O75369	FLNB	FALSE	FALSE	FALSE	FALSE
O75388	GPR32	FALSE	TRUE	FALSE	TRUE
O75526	RBMXL2	FALSE	FALSE	FALSE	FALSE
O75582	RPS6KA5	FALSE	FALSE	FALSE	FALSE
O75592	MYCBP2	FALSE	TRUE	FALSE	TRUE
O75596	CLEC3A	FALSE	FALSE	FALSE	FALSE
O75626	PRDM1	TRUE	TRUE	TRUE	TRUE
O75688	PPM1B	FALSE	FALSE	FALSE	FALSE
O75715	GPX5	FALSE	TRUE	FALSE	TRUE
O75911	DHRS3	FALSE	FALSE	FALSE	FALSE
O75920	SERF1A; SERF1B	FALSE	FALSE	FALSE	FALSE
O75943	RAD17	FALSE	TRUE	TRUE	TRUE
O75951	LYZL6	FALSE	FALSE	FALSE	FALSE
O75955	FLOT1	FALSE	FALSE	FALSE	FALSE
O94805	ACTL6B	FALSE	TRUE	FALSE	TRUE
O94898	LRIG2	FALSE	TRUE	FALSE	TRUE
O94979	SEC31A	FALSE	FALSE	TRUE	TRUE
O94992	HEXIM1	FALSE	FALSE	FALSE	FALSE
O95096	NKX2-2	FALSE	FALSE	FALSE	FALSE
O95140	MFN2	FALSE	FALSE	FALSE	FALSE
O95166	GABARAP	FALSE	FALSE	FALSE	FALSE
O95218	ZRANB2	FALSE	FALSE	FALSE	FALSE
O95271	TNKS	FALSE	FALSE	FALSE	FALSE
O95379	TNFAIP8	FALSE	TRUE	FALSE	TRUE
O95393	BMP10	FALSE	FALSE	FALSE	FALSE
O95428	PAPLN	FALSE	TRUE	FALSE	TRUE
O95486	SEC24A	FALSE	FALSE	FALSE	FALSE
O95503	CBX6	FALSE	TRUE	FALSE	TRUE
O95626	ANP32D	FALSE	FALSE	FALSE	FALSE
O95704	APBB3	FALSE	FALSE	FALSE	FALSE
O95747	OXSR1	FALSE	FALSE	FALSE	FALSE
O95751	LDOC1	FALSE	FALSE	FALSE	FALSE
O95789	ZMYM6	FALSE	FALSE	FALSE	FALSE
O95803	NDST3	FALSE	FALSE	FALSE	FALSE
O95835	LATS1	TRUE	TRUE	TRUE	TRUE
O95843	GUCA1C	FALSE	FALSE	FALSE	FALSE
O95922	TTLL1	FALSE	FALSE	FALSE	FALSE
O95970	LGI1	FALSE	FALSE	FALSE	FALSE
P00367	GLUD1	FALSE	FALSE	FALSE	FALSE
P00540	MOS	FALSE	TRUE	FALSE	TRUE
P00709	LALBA	FALSE	FALSE	FALSE	FALSE
P00734	F2	FALSE	FALSE	FALSE	FALSE
P00740	F9	FALSE	FALSE	FALSE	FALSE
P00973	OAS1	FALSE	FALSE	FALSE	FALSE
P01033	TIMP1	FALSE	FALSE	FALSE	FALSE
P01374	LTA	FALSE	FALSE	FALSE	FALSE
P01611	IGKV1D-12	FALSE	FALSE	FALSE	FALSE
P01701	IGLV1-51	FALSE	FALSE	FALSE	FALSE
P01706	IGLV2-11	FALSE	FALSE	FALSE	FALSE
P01721	IGLV6-57	FALSE	FALSE	FALSE	FALSE
P01733	TRBV12-3	FALSE	FALSE	FALSE	FALSE
P01762	IGHV3-11	FALSE	FALSE	FALSE	FALSE
P01814	IGHV2-70	FALSE	FALSE	FALSE	FALSE
P01817	IGHV2-5	FALSE	FALSE	FALSE	FALSE
P02008	HBZ	FALSE	FALSE	FALSE	FALSE
P02100	HBE1	FALSE	FALSE	FALSE	FALSE
P02489	CRYAA	FALSE	FALSE	FALSE	FALSE
P04053	DNTT	FALSE	FALSE	FALSE	FALSE
P04271	S100B	FALSE	FALSE	FALSE	FALSE
P04626	ERBB2	TRUE	TRUE	TRUE	TRUE
P05067	APP	FALSE	FALSE	FALSE	FALSE
P05121	SERPINE1	FALSE	FALSE	FALSE	FALSE
P05976	MYL1	FALSE	FALSE	FALSE	FALSE
P06400	RB1	TRUE	TRUE	TRUE	TRUE
P07098	LIPF	FALSE	FALSE	FALSE	FALSE
P07108	DBI	FALSE	TRUE	FALSE	TRUE
P07148	FABP1	FALSE	FALSE	FALSE	FALSE
P07205	PGK2	FALSE	FALSE	FALSE	FALSE
P07438	MT1B	FALSE	FALSE	FALSE	FALSE
P07902	GALT	FALSE	FALSE	FALSE	FALSE
P08048	ZFY	FALSE	FALSE	FALSE	FALSE
P08253	MMP2	FALSE	FALSE	FALSE	FALSE
P08319	ADH4	FALSE	FALSE	FALSE	FALSE
P08684	CYP3A4	FALSE	FALSE	FALSE	FALSE
P09086	POU2F2	FALSE	TRUE	TRUE	TRUE
P09341	CXCL1	FALSE	FALSE	FALSE	FALSE
P09471	GNAO1	FALSE	FALSE	FALSE	FALSE
P09871	C1S	FALSE	FALSE	FALSE	FALSE
P09912	IFI6	FALSE	FALSE	FALSE	FALSE
P09923	ALPI	FALSE	FALSE	FALSE	FALSE
P09958	FURIN	FALSE	FALSE	TRUE	TRUE
P0C0E4	RAB40AL	FALSE	FALSE	FALSE	FALSE
P0C1S8	WEE2	FALSE	FALSE	FALSE	FALSE
P0C5Y9	H2AB1	FALSE	FALSE	FALSE	FALSE
P0C5Z0	H2AB2; H2AB3	FALSE	FALSE	FALSE	FALSE
P0C7H9	USP17L7	FALSE	FALSE	FALSE	FALSE
P0C7I0	USP17L8	FALSE	FALSE	FALSE	FALSE
P0C7V8	DCAF8L2	FALSE	FALSE	FALSE	FALSE
P0C7X1	TBC1D3H	FALSE	FALSE	FALSE	FALSE
P0C7X2	ZNF688	FALSE	FALSE	FALSE	FALSE
P0CB33	ZNF735	FALSE	FALSE	FALSE	FALSE
P0CB38	PABPC4L	FALSE	TRUE	FALSE	TRUE
P0CB47	UBTFL1	FALSE	FALSE	FALSE	FALSE
P0CF97	FAM200B	FALSE	FALSE	FALSE	FALSE
P0CG34	TMSB15A	FALSE	FALSE	FALSE	FALSE
P0CG48	UBC	FALSE	FALSE	FALSE	FALSE
P0CI25	TRIM49	FALSE	FALSE	FALSE	FALSE
P0CI26	TRIM49C	FALSE	FALSE	FALSE	FALSE
P0CV98	TSPY3	FALSE	FALSE	FALSE	FALSE
P0CV99	TSPY4	FALSE	FALSE	FALSE	FALSE
P0CW00	TSPY8	FALSE	FALSE	FALSE	FALSE
P0CW01	TSPY10	FALSE	FALSE	FALSE	FALSE
P0CW18	PRSS56	FALSE	FALSE	FALSE	FALSE
P0CW19	LIMS3	FALSE	FALSE	FALSE	FALSE
P0CW20	LIMS4	FALSE	FALSE	FALSE	FALSE
P0DJD3	RBMY1A1	FALSE	FALSE	FALSE	FALSE
P0DJD7	PGA4	FALSE	FALSE	FALSE	FALSE
P0DJD8	PGA3	FALSE	FALSE	FALSE	FALSE
P0DJD9	PGA5	FALSE	FALSE	FALSE	FALSE
P0DKB5	TPBGL	FALSE	FALSE	FALSE	FALSE
P0DKB6	MPC1L	FALSE	FALSE	FALSE	FALSE
P0DM35	MT1HL1	FALSE	FALSE	FALSE	FALSE
P0DMR1	HNRNPCL4	FALSE	FALSE	FALSE	FALSE
P0DN26	PPIAL4F	FALSE	FALSE	FALSE	FALSE
P0DN37	PPIAL4G	FALSE	TRUE	FALSE	TRUE
P0DP09	IGKV1-13	FALSE	FALSE	FALSE	FALSE
P0DPD5	ZNF723	FALSE	FALSE	FALSE	FALSE
P0DPD6	ECE2	FALSE	FALSE	FALSE	FALSE
P0DPH7	TUBA3C	FALSE	TRUE	FALSE	TRUE
P0DPK3	NOTCH2NLB	FALSE	FALSE	FALSE	FALSE
P0DPK5	H3Y2	FALSE	FALSE	FALSE	FALSE
P0DSN7	IGKV1D-37	FALSE	FALSE	FALSE	FALSE
P0DX04	TMSB15C	FALSE	FALSE	FALSE	FALSE
P10073	ZSCAN22	FALSE	FALSE	FALSE	FALSE
P10145	CXCL8	FALSE	FALSE	FALSE	FALSE
P10523	SAG	FALSE	FALSE	FALSE	FALSE
P10600	TGFB3	FALSE	FALSE	FALSE	FALSE
P10619	CTSA	FALSE	FALSE	FALSE	FALSE
P11047	LAMC1	FALSE	TRUE	FALSE	TRUE
P11168	SLC2A2	FALSE	FALSE	FALSE	FALSE
P11234	RALB	FALSE	FALSE	FALSE	FALSE
P11309	PIM1	TRUE	TRUE	TRUE	TRUE
P11387	TOP1	TRUE	FALSE	TRUE	TRUE
P11488	GNAT1	FALSE	TRUE	FALSE	TRUE
P11831	SRF	FALSE	FALSE	FALSE	FALSE
P12018	VPREB1	FALSE	FALSE	FALSE	FALSE
P12259	F5	FALSE	TRUE	FALSE	TRUE
P13639	EEF2	FALSE	TRUE	FALSE	TRUE
P14060	HSD3B1	FALSE	FALSE	TRUE	TRUE
P14410	SI	FALSE	TRUE	FALSE	TRUE
P15056	BRAF	TRUE	TRUE	TRUE	TRUE
P15169	CPN1	FALSE	FALSE	FALSE	FALSE
P15170	GSPT1	FALSE	FALSE	FALSE	FALSE
P15289	ARSA	FALSE	FALSE	FALSE	FALSE
P15291	B4GALT1	FALSE	FALSE	FALSE	FALSE
P15408	FOSL2	FALSE	FALSE	FALSE	FALSE
P15622	ZNF250	FALSE	FALSE	FALSE	FALSE
P15692	VEGFA	FALSE	FALSE	TRUE	TRUE
P16415	ZNF823	FALSE	TRUE	FALSE	TRUE
P16435	POR	FALSE	FALSE	FALSE	FALSE
P16452	EPB42	FALSE	FALSE	FALSE	FALSE
P16619	CCL3L1; CCL3L3	FALSE	FALSE	FALSE	FALSE
P17017	ZNF14	FALSE	FALSE	FALSE	FALSE
P17021	ZNF17	FALSE	FALSE	FALSE	FALSE
P17041	ZNF32	FALSE	FALSE	FALSE	FALSE
P18433	PTPRA	FALSE	FALSE	FALSE	FALSE
P18846	ATF1	TRUE	TRUE	TRUE	TRUE
P19086	GNAZ	FALSE	FALSE	FALSE	FALSE
P19526	FUT1	FALSE	FALSE	FALSE	FALSE
P20023	CR2	FALSE	FALSE	FALSE	FALSE
P20585	MSH3	FALSE	TRUE	TRUE	TRUE
P20592	MX2	FALSE	FALSE	FALSE	FALSE
P20823	HNF1A	TRUE	TRUE	TRUE	TRUE
P20941	PDC	FALSE	FALSE	FALSE	FALSE
P21108	PRPS1L1	FALSE	FALSE	FALSE	FALSE
P21127	CDK11B	FALSE	FALSE	FALSE	FALSE
P21810	BGN	FALSE	FALSE	FALSE	FALSE
P21953	BCKDHB	FALSE	FALSE	FALSE	FALSE
P22059	OSBP	FALSE	FALSE	FALSE	FALSE
P22492	H1-6	FALSE	FALSE	FALSE	FALSE
P22612	PRKACG	FALSE	FALSE	FALSE	FALSE
P22680	CYP7A1	FALSE	FALSE	FALSE	FALSE
P23588	EIF4B	FALSE	FALSE	FALSE	FALSE
P24278	ZBTB25	FALSE	FALSE	FALSE	FALSE
P25067	COL8A2	FALSE	FALSE	FALSE	FALSE
P25189	MPZ	FALSE	FALSE	FALSE	FALSE
P25440	BRD2	FALSE	FALSE	TRUE	TRUE
P26045	PTPN3	FALSE	FALSE	FALSE	FALSE
P26232	CTNNA2	FALSE	TRUE	FALSE	TRUE
P26439	HSD3B2	FALSE	FALSE	FALSE	FALSE
P26641	EEF1G	FALSE	FALSE	FALSE	FALSE
P26718	KLRK1	FALSE	FALSE	FALSE	FALSE
P27449	ATP6V0C	FALSE	FALSE	FALSE	FALSE
P27701	CD82	FALSE	FALSE	FALSE	FALSE
P28300	LOX	FALSE	FALSE	FALSE	FALSE
P28332	ADH6	FALSE	FALSE	FALSE	FALSE
P28702	RXRB	FALSE	FALSE	FALSE	FALSE
P29144	TPP2	FALSE	FALSE	FALSE	FALSE
P29377	S100G	FALSE	FALSE	FALSE	FALSE
P29590	PML	TRUE	TRUE	TRUE	TRUE
P29803	PDHA2	FALSE	FALSE	FALSE	FALSE
P30301	MIP	FALSE	FALSE	FALSE	FALSE
P30411	BDKRB2	FALSE	FALSE	FALSE	FALSE
P30519	HMOX2	FALSE	FALSE	FALSE	FALSE
P30613	PKLR	FALSE	FALSE	FALSE	FALSE
P30622	CLIP1	TRUE	TRUE	TRUE	TRUE
P31267	HOXA6	FALSE	FALSE	FALSE	FALSE
P31321	PRKAR1B	FALSE	FALSE	FALSE	FALSE
P31749	AKT1	TRUE	TRUE	TRUE	TRUE
P31946	YWHAB	FALSE	FALSE	FALSE	FALSE
P32302	CXCR5	FALSE	FALSE	FALSE	FALSE
P33897	ABCD1	FALSE	TRUE	FALSE	TRUE
P34998	CRHR1	FALSE	FALSE	FALSE	FALSE
P35125	USP6	TRUE	TRUE	TRUE	TRUE
P35226	BMI1	FALSE	FALSE	FALSE	FALSE
P35236	PTPN7	FALSE	FALSE	FALSE	FALSE
P35443	THBS4	FALSE	FALSE	FALSE	FALSE
P35542	SAA4	FALSE	FALSE	FALSE	FALSE
P35575	G6PC1	FALSE	FALSE	FALSE	FALSE
P36269	GGT5	FALSE	FALSE	FALSE	FALSE
P36508	ZNF76	FALSE	FALSE	FALSE	FALSE
P36897	TGFBR1	FALSE	TRUE	TRUE	TRUE
P36915	GNL1	FALSE	FALSE	FALSE	FALSE
P36957	DLST	FALSE	FALSE	FALSE	FALSE
P36969	GPX4	FALSE	FALSE	FALSE	FALSE
P37058	HSD17B3	FALSE	FALSE	FALSE	FALSE
P38567	SPAM1	FALSE	TRUE	FALSE	TRUE
P39059	COL15A1	FALSE	FALSE	FALSE	FALSE
P40425	PBX2	FALSE	FALSE	FALSE	FALSE
P40879	SLC26A3	FALSE	TRUE	FALSE	TRUE
P40939	HADHA	FALSE	FALSE	FALSE	FALSE
P41238	APOBEC1	FALSE	FALSE	FALSE	FALSE
P41567	EIF1	FALSE	FALSE	FALSE	FALSE
P42285	MTREX	FALSE	TRUE	FALSE	TRUE
P42677	RPS27	FALSE	TRUE	FALSE	TRUE
P42684	ABL2	TRUE	TRUE	TRUE	TRUE
P42785	PRCP	FALSE	FALSE	FALSE	FALSE
P43080	GUCA1A	FALSE	FALSE	FALSE	FALSE
P43166	CA7	FALSE	FALSE	FALSE	FALSE
P43243	MATR3	FALSE	FALSE	FALSE	FALSE
P43657	LPAR6	FALSE	FALSE	FALSE	FALSE
P45983	MAPK8	FALSE	FALSE	FALSE	FALSE
P46527	CDKN1B	TRUE	TRUE	TRUE	TRUE
P46597	ASMT	FALSE	FALSE	FALSE	FALSE
P46934	NEDD4	FALSE	TRUE	FALSE	TRUE
P47895	ALDH1A3	FALSE	FALSE	TRUE	TRUE
P47897	QARS1	FALSE	FALSE	FALSE	FALSE
P47944	MT4	FALSE	FALSE	FALSE	FALSE
P48059	LIMS1	FALSE	FALSE	FALSE	FALSE
P48165	GJA8	FALSE	FALSE	FALSE	FALSE
P48723	HSPA13	FALSE	FALSE	FALSE	FALSE
P49019	HCAR3	FALSE	FALSE	FALSE	FALSE
P49137	MAPKAPK2	FALSE	FALSE	FALSE	FALSE
P49223	SPINT3	FALSE	FALSE	FALSE	FALSE
P49447	CYB561	FALSE	FALSE	FALSE	FALSE
P49685	GPR15	FALSE	FALSE	FALSE	FALSE
P49746	THBS3	FALSE	FALSE	FALSE	FALSE
P49748	ACADVL	FALSE	FALSE	FALSE	FALSE
P49750	YLPM1	FALSE	FALSE	FALSE	FALSE
P49761	CLK3	FALSE	TRUE	FALSE	TRUE
P49798	RGS4	FALSE	FALSE	FALSE	FALSE
P49810	PSEN2	FALSE	FALSE	FALSE	FALSE
P49910	ZNF165	FALSE	TRUE	FALSE	TRUE
P50151	GNG10	FALSE	FALSE	FALSE	FALSE
P50461	CSRP3	FALSE	FALSE	FALSE	FALSE
P50607	TUB	FALSE	FALSE	FALSE	FALSE
P50750	CDK9	FALSE	FALSE	FALSE	FALSE
P50876	RNF144A	FALSE	FALSE	FALSE	FALSE
P51151	RAB9A	FALSE	FALSE	FALSE	FALSE
P51164	ATP4B	FALSE	FALSE	FALSE	FALSE
P51451	BLK	FALSE	TRUE	FALSE	TRUE
P51504	ZNF80	FALSE	FALSE	FALSE	FALSE
P51512	MMP16	FALSE	FALSE	FALSE	FALSE
P51522	ZNF83	FALSE	FALSE	FALSE	FALSE
P51582	P2RY4	FALSE	FALSE	FALSE	FALSE
P51671	CCL11	FALSE	FALSE	FALSE	FALSE
P51784	USP11	FALSE	FALSE	FALSE	FALSE
P51786	ZNF157	FALSE	FALSE	FALSE	FALSE
P51790	CLCN3	FALSE	FALSE	FALSE	FALSE
P51795	CLCN5	FALSE	FALSE	FALSE	FALSE
P51798	CLCN7	FALSE	TRUE	FALSE	TRUE
P51841	GUCY2F	FALSE	FALSE	FALSE	FALSE
P51957	NEK4	FALSE	FALSE	FALSE	FALSE
P51965	UBE2E1	FALSE	FALSE	FALSE	FALSE
P52594	AGFG1	FALSE	FALSE	FALSE	FALSE
P52741	ZNF134	FALSE	FALSE	FALSE	FALSE
P52849	NDST2	FALSE	FALSE	FALSE	FALSE
P53370	NUDT6	FALSE	FALSE	FALSE	FALSE
P53814	SMTN	FALSE	TRUE	FALSE	TRUE
P53992	SEC24C	FALSE	FALSE	FALSE	FALSE
P54259	ATN1	FALSE	FALSE	FALSE	FALSE
P54368	OAZ1	FALSE	FALSE	FALSE	FALSE
P54840	GYS2	FALSE	FALSE	FALSE	FALSE
P55197	MLLT10	TRUE	TRUE	TRUE	TRUE
P55199	ELL	TRUE	TRUE	TRUE	TRUE
P55209	NAP1L1	FALSE	TRUE	FALSE	TRUE
P56180	TPTE	FALSE	TRUE	FALSE	TRUE
P56373	P2RX3	FALSE	FALSE	FALSE	FALSE
P56524	HDAC4	FALSE	FALSE	TRUE	TRUE
P56545	CTBP2	FALSE	FALSE	FALSE	FALSE
P56746	CLDN15	FALSE	FALSE	FALSE	FALSE
P56945	BCAR1	FALSE	FALSE	FALSE	FALSE
P57053	H2BC12L	FALSE	FALSE	FALSE	FALSE
P57682	KLF3	FALSE	FALSE	TRUE	TRUE
P57721	PCBP3	FALSE	TRUE	FALSE	TRUE
P57773	GJA9	FALSE	FALSE	FALSE	FALSE
P58004	SESN2	FALSE	TRUE	TRUE	TRUE
P58215	LOXL3	FALSE	FALSE	FALSE	FALSE
P59044	NLRP6	FALSE	FALSE	FALSE	FALSE
P59074	CHMP4BP1	FALSE	FALSE	FALSE	FALSE
P59282	TPPP2	FALSE	FALSE	FALSE	FALSE
P59796	GPX6	FALSE	FALSE	FALSE	FALSE
P60153	RNASE9	FALSE	FALSE	FALSE	FALSE
P60673	PFN3	FALSE	FALSE	FALSE	FALSE
P60827	C1QTNF8	FALSE	FALSE	FALSE	FALSE
P60842	EIF4A1	FALSE	TRUE	FALSE	TRUE
P61018	RAB4B	FALSE	FALSE	FALSE	FALSE
P61019	RAB2A	FALSE	FALSE	FALSE	FALSE
P61254	RPL26	FALSE	FALSE	FALSE	FALSE
P62312	LSM6	FALSE	FALSE	FALSE	FALSE
P62873	GNB1	FALSE	TRUE	TRUE	TRUE
P62942	FKBP1A	FALSE	FALSE	FALSE	FALSE
P63244	RACK1	FALSE	FALSE	FALSE	FALSE
P67775	PPP2CA	FALSE	FALSE	FALSE	FALSE
P67812	SEC11A	FALSE	FALSE	FALSE	FALSE
P68133	ACTA1	FALSE	FALSE	FALSE	FALSE
P69891	HBG1	FALSE	FALSE	FALSE	FALSE
P69892	HBG2	FALSE	FALSE	FALSE	FALSE
P78358	CTAG1A; CTAG1B	FALSE	FALSE	FALSE	FALSE
P78417	GSTO1	FALSE	FALSE	TRUE	TRUE
P78545	ELF3	FALSE	TRUE	TRUE	TRUE
P78556	CCL20	FALSE	FALSE	FALSE	FALSE
P78559	MAP1A	FALSE	FALSE	FALSE	FALSE
P98095	FBLN2	FALSE	TRUE	FALSE	TRUE
P98169	ZXDB	FALSE	FALSE	FALSE	FALSE
Q00444	HOXC5	FALSE	FALSE	FALSE	FALSE
Q00653	NFKB2	TRUE	TRUE	TRUE	TRUE
Q01081	U2AF1	TRUE	TRUE	TRUE	TRUE
Q01196	RUNX1	TRUE	TRUE	TRUE	TRUE
Q01415	GALK2	FALSE	FALSE	FALSE	FALSE
Q01534	TSPY1	FALSE	FALSE	FALSE	FALSE
Q02221	COX6A2	FALSE	FALSE	FALSE	FALSE
Q02325	PLGLB1; PLGLB2	FALSE	FALSE	FALSE	FALSE
Q02386	ZNF45	FALSE	FALSE	FALSE	FALSE
Q02539	H1-1	FALSE	FALSE	FALSE	FALSE
Q02575	NHLH1	FALSE	FALSE	FALSE	FALSE
Q02742	GCNT1	FALSE	FALSE	FALSE	FALSE
Q03113	GNA12	FALSE	TRUE	TRUE	TRUE
Q03181	PPARD	FALSE	TRUE	FALSE	TRUE
Q03519	TAP2	FALSE	FALSE	TRUE	TRUE
Q03923	ZNF85	FALSE	FALSE	FALSE	FALSE
Q04206	RELA	TRUE	TRUE	TRUE	TRUE
Q04323	UBXN1	FALSE	FALSE	FALSE	FALSE
Q04864	REL	TRUE	TRUE	TRUE	TRUE
Q04900	CD164	FALSE	FALSE	FALSE	FALSE
Q05329	GAD2	FALSE	FALSE	FALSE	FALSE
Q05469	LIPE	FALSE	FALSE	FALSE	FALSE
Q05923	DUSP2	FALSE	TRUE	TRUE	TRUE
Q06124	PTPN11	TRUE	TRUE	TRUE	TRUE
Q06520	SULT2A1	FALSE	FALSE	FALSE	FALSE
Q06587	RING1	FALSE	FALSE	FALSE	FALSE
Q07352	ZFP36L1	FALSE	TRUE	TRUE	TRUE
Q07837	SLC3A1	FALSE	FALSE	FALSE	FALSE
Q07866	KLC1	FALSE	FALSE	FALSE	FALSE
Q08170	SRSF4	FALSE	FALSE	FALSE	FALSE
Q08188	TGM3	FALSE	FALSE	FALSE	FALSE
Q08431	MFGE8	FALSE	FALSE	FALSE	FALSE
Q08493	PDE4C	FALSE	FALSE	FALSE	FALSE
Q08828	ADCY1	FALSE	TRUE	FALSE	TRUE
Q08AH3	ACSM2A	FALSE	TRUE	FALSE	TRUE
Q09472	EP300	TRUE	TRUE	TRUE	TRUE
Q0IIM8	TBC1D8B	FALSE	FALSE	FALSE	FALSE
Q0Z7S8	FABP9	FALSE	FALSE	FALSE	FALSE
Q12772	SREBF2	FALSE	FALSE	FALSE	FALSE
Q12798	CETN1	FALSE	FALSE	FALSE	FALSE
Q12830	BPTF	FALSE	TRUE	FALSE	TRUE
Q12846	STX4	FALSE	FALSE	FALSE	FALSE
Q12851	MAP4K2	FALSE	FALSE	FALSE	FALSE
Q12901	ZNF155	FALSE	FALSE	FALSE	FALSE
Q13009	TIAM1	FALSE	FALSE	FALSE	FALSE
Q13077	TRAF1	FALSE	TRUE	FALSE	TRUE
Q13085	ACACA	FALSE	FALSE	TRUE	TRUE
Q13093	PLA2G7	FALSE	FALSE	FALSE	FALSE
Q13156	RPA4	FALSE	FALSE	FALSE	FALSE
Q13163	MAP2K5	FALSE	FALSE	FALSE	FALSE
Q13216	ERCC8	FALSE	FALSE	FALSE	FALSE
Q13232	NME3	FALSE	FALSE	FALSE	FALSE
Q13233	MAP3K1	TRUE	TRUE	TRUE	TRUE
Q13247	SRSF6	FALSE	FALSE	FALSE	FALSE
Q13287	NMI	FALSE	FALSE	FALSE	FALSE
Q13296	SCGB2A2	FALSE	FALSE	FALSE	FALSE
Q13360	ZNF177	FALSE	FALSE	FALSE	FALSE
Q13362	PPP2R5C	FALSE	TRUE	FALSE	TRUE
Q13363	CTBP1	FALSE	FALSE	FALSE	FALSE
Q13409	DYNC1I2	FALSE	FALSE	FALSE	FALSE
Q13410	BTN1A1	FALSE	FALSE	FALSE	FALSE
Q13490	BIRC2	FALSE	FALSE	FALSE	FALSE
Q13568	IRF5	FALSE	TRUE	FALSE	TRUE
Q13586	STIM1	FALSE	TRUE	FALSE	TRUE
Q13595	TRA2A	FALSE	FALSE	FALSE	FALSE
Q13618	CUL3	FALSE	TRUE	TRUE	TRUE
Q13621	SLC12A1	FALSE	FALSE	FALSE	FALSE
Q13733	ATP1A4	FALSE	FALSE	FALSE	FALSE
Q13761	RUNX3	FALSE	FALSE	FALSE	FALSE
Q13888	GTF2H2	FALSE	FALSE	FALSE	FALSE
Q14088	RAB33A	FALSE	FALSE	FALSE	FALSE
Q14112	NID2	FALSE	FALSE	FALSE	FALSE
Q14129	DGCR6	FALSE	FALSE	FALSE	FALSE
Q14139	UBE4A	FALSE	FALSE	FALSE	FALSE
Q14151	SAFB2	FALSE	FALSE	FALSE	FALSE
Q14153	FAM53B	FALSE	FALSE	FALSE	FALSE
Q14156	EFR3A	FALSE	FALSE	FALSE	FALSE
Q14213	EBI3	FALSE	FALSE	FALSE	FALSE
Q14254	FLOT2	FALSE	FALSE	FALSE	FALSE
Q14330	GPR18	FALSE	FALSE	FALSE	FALSE
Q14332	FZD2	FALSE	FALSE	FALSE	FALSE
Q14376	GALE	FALSE	FALSE	FALSE	FALSE
Q14409	GK3	FALSE	FALSE	FALSE	FALSE
Q14410	GK2	FALSE	FALSE	FALSE	FALSE
Q14576	ELAVL3	FALSE	TRUE	FALSE	TRUE
Q14584	ZNF266	FALSE	FALSE	FALSE	FALSE
Q14585	ZNF345	FALSE	FALSE	FALSE	FALSE
Q14588	ZNF234	FALSE	FALSE	FALSE	FALSE
Q14669	TRIP12	FALSE	TRUE	FALSE	TRUE
Q14671	PUM1	FALSE	FALSE	TRUE	TRUE
Q14689	DIP2A	FALSE	FALSE	FALSE	FALSE
Q14703	MBTPS1	FALSE	FALSE	FALSE	FALSE
Q14790	CASP8	TRUE	TRUE	TRUE	TRUE
Q147U1	ZNF846	FALSE	FALSE	FALSE	FALSE
Q14847	LASP1	TRUE	FALSE	TRUE	TRUE
Q14849	STARD3	FALSE	FALSE	FALSE	FALSE
Q14934	NFATC4	FALSE	TRUE	FALSE	TRUE
Q14964	RAB39A	FALSE	FALSE	FALSE	FALSE
Q14995	NR1D2	FALSE	TRUE	FALSE	TRUE
Q149N8	SHPRH	FALSE	TRUE	FALSE	TRUE
Q15018	ABRAXAS2	FALSE	FALSE	FALSE	FALSE
Q15059	BRD3	TRUE	TRUE	TRUE	TRUE
Q15181	PPA1	FALSE	FALSE	FALSE	FALSE
Q15283	RASA2	FALSE	TRUE	FALSE	TRUE
Q15306	IRF4	TRUE	TRUE	TRUE	TRUE
Q15365	PCBP1	FALSE	TRUE	TRUE	TRUE
Q15415	RBMY1F; RBMY1J	FALSE	FALSE	FALSE	FALSE
Q15437	SEC23B	FALSE	FALSE	FALSE	FALSE
Q15464	SHB	FALSE	FALSE	FALSE	FALSE
Q15485	FCN2	FALSE	FALSE	FALSE	FALSE
Q15554	TERF2	FALSE	FALSE	FALSE	FALSE
Q15560	TCEA2	FALSE	FALSE	FALSE	FALSE
Q15637	SF1	FALSE	TRUE	FALSE	TRUE
Q15678	PTPN14	FALSE	TRUE	TRUE	TRUE
Q15743	GPR68	FALSE	FALSE	FALSE	FALSE
Q15776	ZKSCAN8	FALSE	FALSE	FALSE	FALSE
Q15796	SMAD2	TRUE	TRUE	TRUE	TRUE
Q15937	ZNF79	FALSE	FALSE	FALSE	FALSE
Q16082	HSPB2	FALSE	FALSE	FALSE	FALSE
Q16539	MAPK14	FALSE	FALSE	FALSE	FALSE
Q16543	CDC37	FALSE	TRUE	FALSE	TRUE
Q16559	TAL2	TRUE	TRUE	TRUE	TRUE
Q16653	MOG	FALSE	TRUE	FALSE	TRUE
Q16670	ZSCAN26	FALSE	FALSE	FALSE	FALSE
Q16674	MIA	FALSE	FALSE	FALSE	FALSE
Q16690	DUSP5	FALSE	FALSE	FALSE	FALSE
Q16706	MAN2A1	FALSE	TRUE	FALSE	TRUE
Q16836	HADH	FALSE	FALSE	FALSE	FALSE
Q1KMD3	HNRNPUL2	FALSE	FALSE	FALSE	FALSE
Q29RF7	PDS5A	FALSE	TRUE	FALSE	TRUE
Q2M2D7	TBC1D28	FALSE	FALSE	FALSE	FALSE
Q2M5E4	RGS21	FALSE	FALSE	FALSE	FALSE
Q2QD12	RPEL1	FALSE	FALSE	FALSE	FALSE
Q2TAZ0	ATG2A	FALSE	TRUE	FALSE	TRUE
Q2TBA0	KLHL40	FALSE	FALSE	FALSE	FALSE
Q2TBC4	PRICKLE4	FALSE	FALSE	FALSE	FALSE
Q2VIQ3	KIF4B	FALSE	FALSE	FALSE	FALSE
Q2VWA4	SKOR2	FALSE	FALSE	FALSE	FALSE
Q2VYF4	LETM2	FALSE	FALSE	FALSE	FALSE
Q2WEN9	CEACAM16	FALSE	FALSE	FALSE	FALSE
Q2WGN9	GAB4	FALSE	FALSE	FALSE	FALSE
Q30201	HFE	FALSE	FALSE	TRUE	TRUE
Q32P44	EML3	FALSE	FALSE	FALSE	FALSE
Q32ZL2	PLPPR5	FALSE	FALSE	FALSE	FALSE
Q38SD2	LRRK1	FALSE	TRUE	FALSE	TRUE
Q3BBV0	NBPF1	FALSE	TRUE	FALSE	TRUE
Q3BBV2	NBPF8	FALSE	TRUE	FALSE	TRUE
Q3C1V0	MS4A18	FALSE	FALSE	FALSE	FALSE
Q3I5F7	ACOT6	FALSE	FALSE	FALSE	FALSE
Q3MII6	TBC1D25	FALSE	FALSE	FALSE	FALSE
Q3MIR4	TMEM30B	FALSE	FALSE	FALSE	FALSE
Q3MJ62	ZSCAN23	FALSE	FALSE	FALSE	FALSE
Q3SYB3	FOXD4L6	FALSE	FALSE	FALSE	FALSE
Q494X3	ZNF404	FALSE	FALSE	FALSE	FALSE
Q495X7	TRIM60	FALSE	FALSE	FALSE	FALSE
Q496H8	NRN1L	FALSE	FALSE	FALSE	FALSE
Q496J9	SV2C	FALSE	FALSE	FALSE	FALSE
Q49SQ1	GPR33	FALSE	FALSE	FALSE	FALSE
Q4FZB7	KMT5B	FALSE	FALSE	FALSE	FALSE
Q4G0X4	KCTD21	FALSE	FALSE	FALSE	FALSE
Q4G176	ACSF3	FALSE	FALSE	FALSE	FALSE
Q4LE39	ARID4B	FALSE	FALSE	TRUE	TRUE
Q4VC39	HIGD2B	FALSE	FALSE	FALSE	FALSE
Q53GL7	PARP10	FALSE	FALSE	FALSE	FALSE
Q53H47	SETMAR	FALSE	FALSE	FALSE	FALSE
Q53H64	ANKRD40CL	FALSE	FALSE	FALSE	FALSE
Q53H80	AKIRIN2	FALSE	FALSE	FALSE	FALSE
Q53HC5	KLHL26	FALSE	FALSE	FALSE	FALSE
Q59H18	TNNI3K	FALSE	FALSE	FALSE	FALSE
Q5GH77	XKR3	FALSE	FALSE	FALSE	FALSE
Q5GLZ8	HERC4	FALSE	FALSE	FALSE	FALSE
Q5H8A4	PIGG	FALSE	FALSE	FALSE	FALSE
Q5H9I0	TFDP3	FALSE	FALSE	FALSE	FALSE
Q5H9J9	TCP11X2	FALSE	FALSE	FALSE	FALSE
Q5HYJ1	TECRL	FALSE	FALSE	FALSE	FALSE
Q5JQF8	PABPC1L2A; PABPC1L2B	FALSE	FALSE	FALSE	FALSE
Q5JUW0	KRABD4	FALSE	FALSE	FALSE	FALSE
Q5JW98	CALHM4	FALSE	FALSE	FALSE	FALSE
Q5JYT7	KIAA1755	FALSE	FALSE	FALSE	FALSE
Q5JZY3	EPHA10	FALSE	FALSE	FALSE	FALSE
Q5M7Z0	RNFT1	FALSE	TRUE	FALSE	TRUE
Q5MCW4	ZNF569	FALSE	FALSE	FALSE	FALSE
Q5QGS0	NEXMIF	FALSE	FALSE	FALSE	FALSE
Q5QJU3	ACER2	FALSE	FALSE	FALSE	FALSE
Q5SR56	SLC71A2	FALSE	FALSE	FALSE	FALSE
Q5SW96	LDLRAP1	FALSE	FALSE	FALSE	FALSE
Q5SXM1	ZNF678	FALSE	FALSE	FALSE	FALSE
Q5T0B9	ZNF362	FALSE	TRUE	FALSE	TRUE
Q5T1C6	THEM4	FALSE	FALSE	FALSE	FALSE
Q5T447	HECTD3	FALSE	FALSE	FALSE	FALSE
Q5T5C0	STXBP5	FALSE	FALSE	FALSE	FALSE
Q5T5M9	CCNJ	FALSE	FALSE	FALSE	FALSE
Q5T764	IFIT1B	FALSE	FALSE	FALSE	FALSE
Q5T9Z0	TEDDM1	FALSE	FALSE	FALSE	FALSE
Q5TC79	ZBTB37	FALSE	FALSE	FALSE	FALSE
Q5TC84	OGFRL1	FALSE	FALSE	FALSE	FALSE
Q5TEA6	SEL1L2	FALSE	FALSE	FALSE	FALSE
Q5TFG8	ZC2HC1B	FALSE	FALSE	FALSE	FALSE
Q5TGJ6	HDGFL1	FALSE	FALSE	FALSE	FALSE
Q5TGS1	HES3	FALSE	FALSE	FALSE	FALSE
Q5VTM2	AGAP9	FALSE	FALSE	FALSE	FALSE
Q5VTR2	RNF20	FALSE	TRUE	FALSE	TRUE
Q5VU92	DCAF12L1	FALSE	FALSE	FALSE	FALSE
Q5VV16	FOXD4L5	FALSE	FALSE	FALSE	FALSE
Q5VV67	PPRC1	FALSE	FALSE	FALSE	FALSE
Q5VVH2	FKBP1C	FALSE	FALSE	FALSE	FALSE
Q5VVX9	UBE2U	FALSE	FALSE	FALSE	FALSE
Q5VW22	AGAP6	FALSE	FALSE	FALSE	FALSE
Q5VW38	GPR107	FALSE	TRUE	FALSE	TRUE
Q5VWK0	NBPF6	FALSE	FALSE	FALSE	FALSE
Q5VXD3	SAMD13	FALSE	FALSE	FALSE	FALSE
Q5VYS8	TUT7	FALSE	FALSE	FALSE	FALSE
Q5VYV0	FOXB2	FALSE	TRUE	FALSE	TRUE
Q5VYY2	LIPM	FALSE	FALSE	FALSE	FALSE
Q5VZM2	RRAGB	FALSE	FALSE	FALSE	FALSE
Q5VZV1	METTL21C	FALSE	FALSE	FALSE	FALSE
Q5W0Z9	ZDHHC20	FALSE	FALSE	FALSE	FALSE
Q5XKR9	VCF2	FALSE	FALSE	FALSE	FALSE
Q68BL7	OLFML2A	FALSE	FALSE	FALSE	FALSE
Q68BL8	OLFML2B	FALSE	FALSE	FALSE	FALSE
Q68CJ9	CREB3L3	FALSE	TRUE	FALSE	TRUE
Q68DC2	ANKS6	FALSE	FALSE	FALSE	FALSE
Q68DI1	ZNF776	FALSE	FALSE	FALSE	FALSE
Q68J44	DUSP29	FALSE	FALSE	FALSE	FALSE
Q6A555	TXNDC8	FALSE	TRUE	FALSE	TRUE
Q6DHY5	TBC1D3G	FALSE	FALSE	FALSE	FALSE
Q6F5E8	CARMIL2	FALSE	FALSE	FALSE	FALSE
Q6GMR7	FAAH2	FALSE	TRUE	FALSE	TRUE
Q6GQQ9	OTUD7B	FALSE	FALSE	FALSE	FALSE
Q6IC98	GRAMD4	FALSE	FALSE	FALSE	FALSE
Q6ICC9	RTL6	FALSE	TRUE	FALSE	TRUE
Q6ICG8	WBP2NL	FALSE	FALSE	FALSE	FALSE
Q6IPX1	TBC1D3C	FALSE	FALSE	FALSE	FALSE
Q6IPX3	TCEAL6	FALSE	TRUE	FALSE	TRUE
Q6IV72	ZNF425	FALSE	FALSE	FALSE	FALSE
Q6J272	CIMIP2A	FALSE	FALSE	FALSE	FALSE
Q6MZQ0	PRR5L	FALSE	FALSE	FALSE	FALSE
Q6N021	TET2	TRUE	TRUE	TRUE	TRUE
Q6N069	NAA16	FALSE	FALSE	FALSE	FALSE
Q6NT32	CES5A	FALSE	FALSE	FALSE	FALSE
Q6NXS1	PPP1R2B	FALSE	FALSE	FALSE	FALSE
Q6NYC8	PPP1R18	FALSE	FALSE	FALSE	FALSE
Q6P2D0	ZFP1	FALSE	FALSE	FALSE	FALSE
Q6P3S1	DENND1B	FALSE	FALSE	FALSE	FALSE
Q6P3V2	ZNF585A	FALSE	FALSE	FALSE	FALSE
Q6P461	ACSM6	FALSE	FALSE	FALSE	FALSE
Q6P4F1	POFUT3	FALSE	FALSE	FALSE	FALSE
Q6P4F2	FDX2	FALSE	FALSE	FALSE	FALSE
Q6P4Q7	CNNM4	FALSE	FALSE	FALSE	FALSE
Q6P5Q4	LMOD2	FALSE	FALSE	FALSE	FALSE
Q6P9G9	ZNF449	FALSE	FALSE	FALSE	FALSE
Q6P9H4	CNKSR3	FALSE	FALSE	FALSE	FALSE
Q6PEY2	TUBA3E	FALSE	FALSE	FALSE	FALSE
Q6PF05	TTC23L	FALSE	FALSE	FALSE	FALSE
Q6PG37	ZNF790	FALSE	FALSE	FALSE	FALSE
Q6PI47	KCTD18	FALSE	FALSE	FALSE	FALSE
Q6PI77	GPRASP3	FALSE	FALSE	FALSE	FALSE
Q6PIV2	FOXR1	FALSE	TRUE	FALSE	TRUE
Q6PJQ5	FOXR2	FALSE	TRUE	FALSE	TRUE
Q6PK81	ZNF773	FALSE	FALSE	FALSE	FALSE
Q6PKH6	DHRS4L2	FALSE	FALSE	FALSE	FALSE
Q6PL24	TMED8	FALSE	FALSE	FALSE	FALSE
Q6PXP3	SLC2A7	FALSE	FALSE	FALSE	FALSE
Q6Q0C1	SLC25A47	FALSE	FALSE	FALSE	FALSE
Q6R6M4	USP17L2	FALSE	FALSE	FALSE	FALSE
Q6RSH7	VHLL	FALSE	FALSE	FALSE	FALSE
Q6SJ96	TBPL2	FALSE	FALSE	FALSE	FALSE
Q6UVW9	CLEC2A	FALSE	FALSE	FALSE	FALSE
Q6UWB4	PRSS55	FALSE	FALSE	FALSE	FALSE
Q6UWF7	NXPE4	FALSE	FALSE	FALSE	FALSE
Q6UWQ5	LYZL1	FALSE	FALSE	FALSE	FALSE
Q6UWV6	ENPP7	FALSE	FALSE	FALSE	FALSE
Q6UWY0	ARSK	FALSE	FALSE	FALSE	FALSE
Q6UX01	LMBR1L	FALSE	FALSE	FALSE	FALSE
Q6UX04	CWC27	FALSE	FALSE	FALSE	FALSE
Q6UX53	TMT1B	FALSE	FALSE	FALSE	FALSE
Q6UX72	B3GNT9	FALSE	FALSE	FALSE	FALSE
Q6UX98	ZDHHC24	FALSE	FALSE	FALSE	FALSE
Q6UXN7	TOMM20L	FALSE	FALSE	FALSE	FALSE
Q6UXZ3	CD300LD	FALSE	FALSE	FALSE	FALSE
Q6VB84	FOXD4L3	FALSE	FALSE	FALSE	FALSE
Q6XZB0	LIPI	FALSE	FALSE	FALSE	FALSE
Q6XZF7	DNMBP	FALSE	TRUE	FALSE	TRUE
Q6ZMC9	SIGLEC15	FALSE	FALSE	FALSE	FALSE
Q6ZMT4	KDM7A	FALSE	FALSE	FALSE	FALSE
Q6ZMV5	PPP4R3C	FALSE	FALSE	FALSE	FALSE
Q6ZN32	ETV3L	FALSE	FALSE	FALSE	FALSE
Q6ZNA4	RNF111	FALSE	TRUE	FALSE	TRUE
Q6ZNI0	GCNT7	FALSE	FALSE	FALSE	FALSE
Q6ZRI8	ARHGAP36	FALSE	FALSE	FALSE	FALSE
Q6ZS10	CLEC17A	FALSE	FALSE	FALSE	FALSE
Q6ZU15	SEPTIN14	FALSE	FALSE	FALSE	FALSE
Q6ZUT9	DENND5B	FALSE	FALSE	FALSE	FALSE
Q6ZWB6	KCTD8	FALSE	TRUE	FALSE	TRUE
Q6ZWJ1	STXBP4	FALSE	FALSE	FALSE	FALSE
Q70EL3	USP50	FALSE	FALSE	FALSE	FALSE
Q70EL4	USP43	FALSE	FALSE	FALSE	FALSE
Q71SY5	MED25	FALSE	FALSE	FALSE	FALSE
Q75WM6	H1-7	FALSE	FALSE	FALSE	FALSE
Q76KX8	ZNF534	FALSE	FALSE	FALSE	FALSE
Q7L1T6	CYB5R4	FALSE	FALSE	FALSE	FALSE
Q7L2E3	DHX30	FALSE	TRUE	FALSE	TRUE
Q7L311	ARMCX2	FALSE	FALSE	FALSE	FALSE
Q7L576	CYFIP1	FALSE	TRUE	FALSE	TRUE
Q7L5L3	GDPD3	FALSE	FALSE	FALSE	FALSE
Q7L7X3	TAOK1	FALSE	FALSE	FALSE	FALSE
Q7L8S5	OTUD6A	FALSE	FALSE	FALSE	FALSE
Q7L945	ZNF627	FALSE	FALSE	FALSE	FALSE
Q7LBR1	CHMP1B	FALSE	FALSE	FALSE	FALSE
Q7RTV2	GSTA5	FALSE	FALSE	FALSE	FALSE
Q7RTY5	PRSS48	FALSE	FALSE	FALSE	FALSE
Q7RTZ2	USP17L1	FALSE	FALSE	FALSE	FALSE
Q7Z2F6	KRABD5	FALSE	FALSE	FALSE	FALSE
Q7Z3H4	SAMD7	FALSE	FALSE	FALSE	FALSE
Q7Z3S9	NOTCH2NLA	FALSE	FALSE	FALSE	FALSE
Q7Z3V4	UBE3B	FALSE	FALSE	FALSE	FALSE
Q7Z403	TMC6	FALSE	FALSE	FALSE	FALSE
Q7Z418	KCNK18	FALSE	FALSE	FALSE	FALSE
Q7Z429	GRINA	FALSE	FALSE	FALSE	FALSE
Q7Z444	ERAS	FALSE	FALSE	FALSE	FALSE
Q7Z4J2	GLT6D1	FALSE	FALSE	FALSE	FALSE
Q7Z4L5	TTC21B	FALSE	TRUE	FALSE	TRUE
Q7Z4T8	GALNTL5	FALSE	TRUE	FALSE	TRUE
Q7Z4W2	LYZL2	FALSE	FALSE	FALSE	FALSE
Q7Z4Y8	ATP5MGL	FALSE	FALSE	FALSE	FALSE
Q7Z5H3	ARHGAP22	FALSE	FALSE	FALSE	FALSE
Q7Z5L9	IRF2BP2	FALSE	TRUE	FALSE	TRUE
Q7Z6K1	THAP5	FALSE	TRUE	FALSE	TRUE
Q7Z739	YTHDF3	FALSE	FALSE	FALSE	FALSE
Q7Z7G1	CLNK	FALSE	FALSE	FALSE	FALSE
Q86SE5	RALYL	FALSE	TRUE	FALSE	TRUE
Q86SQ0	PHLDB2	FALSE	FALSE	FALSE	FALSE
Q86TC9	MYPN	FALSE	FALSE	FALSE	FALSE
Q86TM3	DDX53	FALSE	FALSE	FALSE	FALSE
Q86TM6	SYVN1	FALSE	FALSE	FALSE	FALSE
Q86UF2	CTAGE6	FALSE	FALSE	FALSE	FALSE
Q86UP2	KTN1	TRUE	TRUE	TRUE	TRUE
Q86UP6	CUZD1	FALSE	FALSE	FALSE	FALSE
Q86UQ0	ZNF589	FALSE	FALSE	FALSE	FALSE
Q86UU0	BCL9L	TRUE	TRUE	TRUE	TRUE
Q86UW8	HAPLN4	FALSE	FALSE	FALSE	FALSE
Q86V24	ADIPOR2	FALSE	FALSE	FALSE	FALSE
Q86V86	PIM3	FALSE	FALSE	FALSE	FALSE
Q86V87	FHIP2B	FALSE	FALSE	FALSE	FALSE
Q86VD1	MORC1	FALSE	FALSE	FALSE	FALSE
Q86VF7	NRAP	FALSE	FALSE	FALSE	FALSE
Q86VP1	TAX1BP1	FALSE	FALSE	FALSE	FALSE
Q86VP3	PACS2	FALSE	TRUE	FALSE	TRUE
Q86VQ3	TXNDC2	FALSE	FALSE	FALSE	FALSE
Q86WG3	ATCAY	FALSE	FALSE	FALSE	FALSE
Q86WG5	SBF2	FALSE	FALSE	FALSE	FALSE
Q86WK7	AMIGO3	FALSE	FALSE	FALSE	FALSE
Q86WN1	FCHSD1	FALSE	FALSE	FALSE	FALSE
Q86WT6	TRIM69	FALSE	FALSE	FALSE	FALSE
Q86X02	CDR2L	FALSE	FALSE	FALSE	FALSE
Q86X52	CHSY1	FALSE	FALSE	FALSE	FALSE
Q86XF0	DHFR2	FALSE	FALSE	FALSE	FALSE
Q86XI6	PPP1R3B	FALSE	FALSE	FALSE	FALSE
Q86XJ1	GAS2L3	FALSE	FALSE	FALSE	FALSE
Q86XP1	DGKH	FALSE	FALSE	FALSE	FALSE
Q86XR7	TICAM2	FALSE	FALSE	FALSE	FALSE
Q86Y01	DTX1	FALSE	TRUE	TRUE	TRUE
Q86Y38	XYLT1	FALSE	FALSE	FALSE	FALSE
Q86YE8	ZNF573	FALSE	FALSE	FALSE	FALSE
Q86YJ6	THNSL2	FALSE	FALSE	FALSE	FALSE
Q86YM7	HOMER1	FALSE	FALSE	FALSE	FALSE
Q86YW0	PLCZ1	FALSE	FALSE	FALSE	FALSE
Q8HWS3	RFX6	FALSE	TRUE	FALSE	TRUE
Q8IUA0	WFDC8	FALSE	FALSE	FALSE	FALSE
Q8IUE0	TGIF2LY	FALSE	FALSE	FALSE	FALSE
Q8IUE1	TGIF2LX	FALSE	FALSE	FALSE	FALSE
Q8IUE6	H2AC21	FALSE	FALSE	FALSE	FALSE
Q8IUH8	SPPL2C	FALSE	FALSE	FALSE	FALSE
Q8IUK5	PLXDC1	FALSE	TRUE	FALSE	TRUE
Q8IUR5	TMTC1	FALSE	FALSE	FALSE	FALSE
Q8IV08	PLD3	FALSE	FALSE	FALSE	FALSE
Q8IV48	ERI1	FALSE	TRUE	FALSE	TRUE
Q8IV63	VRK3	FALSE	FALSE	FALSE	FALSE
Q8IV76	PASD1	FALSE	TRUE	FALSE	TRUE
Q8IVP9	ZNF547	FALSE	FALSE	FALSE	FALSE
Q8IW50	FAM219A	FALSE	FALSE	FALSE	FALSE
Q8IWB7	WDFY1	FALSE	FALSE	FALSE	FALSE
Q8IWU2	LMTK2	FALSE	FALSE	FALSE	FALSE
Q8IWX5	SGPP2	FALSE	FALSE	FALSE	FALSE
Q8IWZ4	TRIM48	FALSE	TRUE	FALSE	TRUE
Q8IX07	ZFPM1	FALSE	TRUE	FALSE	TRUE
Q8IXA5	SPACA3	FALSE	FALSE	FALSE	FALSE
Q8IXJ6	SIRT2	FALSE	FALSE	FALSE	FALSE
Q8IXJ9	ASXL1	TRUE	TRUE	TRUE	TRUE
Q8IXL6	FAM20C	FALSE	FALSE	FALSE	FALSE
Q8IXQ6	PARP9	FALSE	FALSE	FALSE	FALSE
Q8IY49	MMD2	FALSE	FALSE	FALSE	FALSE
Q8IYB1	MB21D2	FALSE	TRUE	FALSE	TRUE
Q8IYB7	DIS3L2	FALSE	TRUE	TRUE	TRUE
Q8IYF1	ELOA2	FALSE	FALSE	FALSE	FALSE
Q8IYM1	SEPTIN12	FALSE	TRUE	FALSE	TRUE
Q8IYN2	TCEAL8	FALSE	FALSE	FALSE	FALSE
Q8IYR6	TMEFF1	FALSE	FALSE	FALSE	FALSE
Q8IYS8	BOD1L2	FALSE	FALSE	FALSE	FALSE
Q8IYU2	HACE1	FALSE	FALSE	FALSE	FALSE
Q8IYX0	ZNF679	FALSE	FALSE	FALSE	FALSE
Q8IYX1	TBC1D21	FALSE	FALSE	FALSE	FALSE
Q8IZ21	PHACTR4	FALSE	FALSE	FALSE	FALSE
Q8IZ81	ELMOD2	FALSE	FALSE	FALSE	FALSE
Q8IZF4	ADGRG5	FALSE	FALSE	FALSE	FALSE
Q8IZF5	ADGRF3	FALSE	FALSE	FALSE	FALSE
Q8IZM9	SLC38A6	FALSE	FALSE	FALSE	FALSE
Q8IZP1	TBC1D3	FALSE	FALSE	FALSE	FALSE
Q8IZP6	RNF113B	FALSE	FALSE	FALSE	FALSE
Q8IZX4	TAF1L	FALSE	TRUE	FALSE	TRUE
Q8IZY2	ABCA7	FALSE	TRUE	FALSE	TRUE
Q8N119	MMP21	FALSE	FALSE	FALSE	FALSE
Q8N163	CCAR2	FALSE	FALSE	FALSE	FALSE
Q8N2H9	PELI3	FALSE	TRUE	FALSE	TRUE
Q8N323	NXPE1	FALSE	FALSE	FALSE	FALSE
Q8N344	MIER2	FALSE	FALSE	FALSE	FALSE
Q8N3D4	EHBP1L1	FALSE	FALSE	FALSE	FALSE
Q8N3U4	STAG2	TRUE	TRUE	TRUE	TRUE
Q8N3X6	LCORL	FALSE	FALSE	FALSE	FALSE
Q8N3Y1	FBXW8	FALSE	FALSE	FALSE	FALSE
Q8N4A0	GALNT4	FALSE	FALSE	FALSE	FALSE
Q8N4C6	NIN	TRUE	TRUE	TRUE	TRUE
Q8N4E4	PDCL2	FALSE	FALSE	FALSE	FALSE
Q8N4E7	FTMT	FALSE	FALSE	FALSE	FALSE
Q8N4N3	KLHL36	FALSE	FALSE	FALSE	FALSE
Q8N4N8	KIF2B	FALSE	TRUE	FALSE	TRUE
Q8N4T8	CBR4	FALSE	FALSE	FALSE	FALSE
Q8N4Z0	RAB42	FALSE	TRUE	FALSE	TRUE
Q8N5C8	TAB3	FALSE	TRUE	FALSE	TRUE
Q8N660	NBPF15	FALSE	FALSE	FALSE	FALSE
Q8N680	ZBTB2	FALSE	FALSE	FALSE	FALSE
Q8N697	SLC15A4	FALSE	FALSE	FALSE	FALSE
Q8N6H7	ARFGAP2	FALSE	FALSE	FALSE	FALSE
Q8N720	ZNF655	FALSE	FALSE	FALSE	FALSE
Q8N752	CSNK1A1L	FALSE	FALSE	FALSE	FALSE
Q8N7C3	TRIML2	FALSE	FALSE	FALSE	FALSE
Q8N7E2	CBLL2	FALSE	FALSE	FALSE	FALSE
Q8N7R1	POM121L12	FALSE	FALSE	FALSE	FALSE
Q8N7S2	DNAJC5G	FALSE	FALSE	FALSE	FALSE
Q8N7X1	RBMXL3	FALSE	TRUE	FALSE	TRUE
Q8N807	PDILT	FALSE	FALSE	FALSE	FALSE
Q8N831	TSPYL6	FALSE	FALSE	FALSE	FALSE
Q8N859	ZNF713	FALSE	FALSE	FALSE	FALSE
Q8N8F6	YIPF7	FALSE	FALSE	FALSE	FALSE
Q8N8G2	VGLL2	FALSE	FALSE	FALSE	FALSE
Q8N8V2	GBP7	FALSE	FALSE	FALSE	FALSE
Q8N8V4	ANKS4B	FALSE	FALSE	FALSE	FALSE
Q8N9B5	JMY	FALSE	FALSE	FALSE	FALSE
Q8N9V2	TRIML1	FALSE	FALSE	FALSE	FALSE
Q8N9Z2	CCDC71L	FALSE	FALSE	FALSE	FALSE
Q8NA42	ZNF383	FALSE	FALSE	FALSE	FALSE
Q8NAP3	ZBTB38	FALSE	FALSE	FALSE	FALSE
Q8NB12	SMYD1	FALSE	FALSE	FALSE	FALSE
Q8NB42	ZNF527	FALSE	FALSE	FALSE	FALSE
Q8NC44	RETREG2	FALSE	FALSE	FALSE	FALSE
Q8NCF0	CLEC18C	FALSE	FALSE	FALSE	FALSE
Q8NCN5	PDPR	FALSE	FALSE	FALSE	FALSE
Q8NCW6	GALNT11	FALSE	FALSE	FALSE	FALSE
Q8NDT2	RBM15B	FALSE	TRUE	FALSE	TRUE
Q8NDV7	TNRC6A	FALSE	TRUE	FALSE	TRUE
Q8NDW4	ZNF248	FALSE	FALSE	FALSE	FALSE
Q8NDY3	ADPRHL1	FALSE	FALSE	FALSE	FALSE
Q8NE28	STKLD1	FALSE	FALSE	FALSE	FALSE
Q8NE86	MCU	FALSE	FALSE	FALSE	FALSE
Q8NEA9	GMCL2	FALSE	FALSE	FALSE	FALSE
Q8NEG5	ZSWIM2	FALSE	FALSE	FALSE	FALSE
Q8NEK5	ZNF548	FALSE	FALSE	FALSE	FALSE
Q8NEK8	TENT5D	FALSE	TRUE	FALSE	TRUE
Q8NEW0	SLC30A7	FALSE	FALSE	FALSE	FALSE
Q8NEZ2	VPS37A	FALSE	FALSE	FALSE	FALSE
Q8NF99	ZNF397	FALSE	FALSE	FALSE	FALSE
Q8NFD5	ARID1B	TRUE	TRUE	TRUE	TRUE
Q8NFQ8	TOR1AIP2	FALSE	FALSE	FALSE	FALSE
Q8NHE4	ATP6V0E2	FALSE	FALSE	FALSE	FALSE
Q8NHJ6	LILRB4	FALSE	FALSE	FALSE	FALSE
Q8NHS0	DNAJB8	FALSE	FALSE	FALSE	FALSE
Q8NHS2	GOT1L1	FALSE	FALSE	FALSE	FALSE
Q8NHX9	TPCN2	FALSE	FALSE	FALSE	FALSE
Q8NHZ7	MBD3L2	FALSE	FALSE	FALSE	FALSE
Q8NI99	ANGPTL6	FALSE	FALSE	FALSE	FALSE
Q8TAA3	PSMA8	FALSE	FALSE	FALSE	FALSE
Q8TAD4	SLC30A5	FALSE	FALSE	FALSE	FALSE
Q8TAG5	VSTM2A	FALSE	FALSE	FALSE	FALSE
Q8TAQ2	SMARCC2	FALSE	FALSE	FALSE	FALSE
Q8TAU3	ZNF417	FALSE	FALSE	FALSE	FALSE
Q8TB05	UBALD1	FALSE	FALSE	FALSE	FALSE
Q8TBB6	SLC7A14	FALSE	FALSE	FALSE	FALSE
Q8TBG9	SYNPR	FALSE	FALSE	FALSE	FALSE
Q8TBN0	RAB3IL1	FALSE	FALSE	FALSE	FALSE
Q8TBZ8	ZNF564	FALSE	FALSE	FALSE	FALSE
Q8TC12	RDH11	FALSE	FALSE	FALSE	FALSE
Q8TC17	GRAPL	FALSE	FALSE	FALSE	FALSE
Q8TC36	SUN5	FALSE	FALSE	FALSE	FALSE
Q8TC44	POC1B	FALSE	FALSE	FALSE	FALSE
Q8TC92	ENOX1	FALSE	FALSE	FALSE	FALSE
Q8TC94	ACTL9	FALSE	FALSE	FALSE	FALSE
Q8TCD6	PHOSPHO2	FALSE	FALSE	FALSE	FALSE
Q8TCJ2	STT3B	FALSE	FALSE	FALSE	FALSE
Q8TCU3	SLC7A13	FALSE	TRUE	FALSE	TRUE
Q8TD47	RPS4Y2	FALSE	FALSE	FALSE	FALSE
Q8TDB6	DTX3L	FALSE	FALSE	FALSE	FALSE
Q8TDE3	RNASE8	FALSE	FALSE	FALSE	FALSE
Q8TDG2	ACTRT1	FALSE	FALSE	FALSE	FALSE
Q8TDT2	GPR152	FALSE	FALSE	FALSE	FALSE
Q8TDY3	ACTRT2	FALSE	FALSE	FALSE	FALSE
Q8TF20	ZNF721	FALSE	FALSE	FALSE	FALSE
Q8TF30	WHAMM	FALSE	FALSE	FALSE	FALSE
Q8WTU0	DDI1	FALSE	FALSE	FALSE	FALSE
Q8WTV0	SCARB1	FALSE	FALSE	FALSE	FALSE
Q8WU20	FRS2	FALSE	FALSE	TRUE	TRUE
Q8WUA2	PPIL4	FALSE	TRUE	FALSE	TRUE
Q8WUA7	TBC1D22A	FALSE	TRUE	FALSE	TRUE
Q8WUN7	UBTD2	FALSE	FALSE	FALSE	FALSE
Q8WV19	SFT2D1	FALSE	FALSE	FALSE	FALSE
Q8WV99	ZFAND2B	FALSE	FALSE	FALSE	FALSE
Q8WVD5	RNF141	FALSE	FALSE	FALSE	FALSE
Q8WVF5	KCTD4	FALSE	FALSE	FALSE	FALSE
Q8WVV9	HNRNPLL	FALSE	FALSE	FALSE	FALSE
Q8WVZ9	KBTBD7	FALSE	FALSE	FALSE	FALSE
Q8WW32	HMGB4	FALSE	FALSE	FALSE	FALSE
Q8WWF5	ZNRF4	FALSE	FALSE	FALSE	FALSE
Q8WWL2	SPIRE2	FALSE	FALSE	FALSE	FALSE
Q8WWQ0	PHIP	FALSE	TRUE	FALSE	TRUE
Q8WWY6	MBD3L1	FALSE	FALSE	FALSE	FALSE
Q8WXA9	SREK1	FALSE	FALSE	FALSE	FALSE
Q8WXG9	ADGRV1	FALSE	TRUE	FALSE	TRUE
Q8WXH0	SYNE2	FALSE	TRUE	FALSE	TRUE
Q8WXH5	SOCS4	FALSE	FALSE	FALSE	FALSE
Q8WXT5	FOXD4L4	FALSE	FALSE	FALSE	FALSE
Q8WZ04	TOMT	FALSE	FALSE	FALSE	FALSE
Q92506	HSD17B8	FALSE	FALSE	FALSE	FALSE
Q92521	PIGB	FALSE	FALSE	FALSE	FALSE
Q92526	CCT6B	FALSE	TRUE	TRUE	TRUE
Q92536	SLC7A6	FALSE	TRUE	FALSE	TRUE
Q92538	GBF1	FALSE	FALSE	FALSE	FALSE
Q92567	FAM168A	FALSE	FALSE	FALSE	FALSE
Q92585	MAML1	FALSE	TRUE	FALSE	TRUE
Q92610	ZNF592	FALSE	FALSE	FALSE	FALSE
Q92618	ZNF516	FALSE	FALSE	FALSE	FALSE
Q92620	DHX38	FALSE	FALSE	FALSE	FALSE
Q92622	RUBCN	FALSE	FALSE	FALSE	FALSE
Q92731	ESR2	FALSE	FALSE	FALSE	FALSE
Q92738	USP6NL	FALSE	FALSE	FALSE	FALSE
Q92743	HTRA1	FALSE	TRUE	FALSE	TRUE
Q92748	THRSP	FALSE	FALSE	FALSE	FALSE
Q92766	RREB1	FALSE	TRUE	FALSE	TRUE
Q92793	CREBBP	TRUE	TRUE	TRUE	TRUE
Q92859	NEO1	FALSE	FALSE	FALSE	FALSE
Q92985	IRF7	FALSE	TRUE	FALSE	TRUE
Q93008	USP9X	FALSE	TRUE	FALSE	TRUE
Q93096	PTP4A1	FALSE	FALSE	TRUE	TRUE
Q969M2	GJA10	FALSE	FALSE	FALSE	FALSE
Q969Q5	RAB24	FALSE	FALSE	FALSE	FALSE
Q969W1	ZDHHC16	FALSE	FALSE	FALSE	FALSE
Q969Z4	RELT	FALSE	FALSE	FALSE	FALSE
Q96AH0	NABP1	FALSE	TRUE	FALSE	TRUE
Q96AH8	RAB7B	FALSE	FALSE	FALSE	FALSE
Q96AQ1	CCDC74A	FALSE	FALSE	FALSE	FALSE
Q96AQ7	CIDEC	FALSE	FALSE	FALSE	FALSE
Q96BM0	IFI27L1	FALSE	FALSE	FALSE	FALSE
Q96BQ3	TRIM43	FALSE	FALSE	FALSE	FALSE
Q96CB9	NSUN4	FALSE	FALSE	FALSE	FALSE
Q96CK0	ZNF653	FALSE	FALSE	FALSE	FALSE
Q96CN4	EVI5L	FALSE	FALSE	FALSE	FALSE
Q96CN9	GCC1	FALSE	FALSE	FALSE	FALSE
Q96CS4	ZNF689	FALSE	FALSE	FALSE	FALSE
Q96D98	EID2B	FALSE	FALSE	FALSE	FALSE
Q96DA2	RAB39B	FALSE	FALSE	FALSE	FALSE
Q96DL1	NXPE2	FALSE	FALSE	FALSE	FALSE
Q96DN2	VWCE	FALSE	FALSE	FALSE	FALSE
Q96DZ5	CLIP3	FALSE	FALSE	FALSE	FALSE
Q96EE4	CCDC126	FALSE	FALSE	FALSE	FALSE
Q96EG1	ARSG	FALSE	FALSE	FALSE	FALSE
Q96ET8	TVP23C	FALSE	FALSE	FALSE	FALSE
Q96F45	ZNF503	FALSE	TRUE	FALSE	TRUE
Q96FA3	PELI1	FALSE	FALSE	FALSE	FALSE
Q96FJ0	STAMBPL1	FALSE	FALSE	FALSE	FALSE
Q96FJ2	DYNLL2	FALSE	FALSE	FALSE	FALSE
Q96GF1	RNF185	FALSE	TRUE	FALSE	TRUE
Q96GS6	ABHD17A	FALSE	FALSE	FALSE	FALSE
Q96H78	SLC25A44	FALSE	FALSE	FALSE	FALSE
Q96HD1	CRELD1	FALSE	FALSE	FALSE	FALSE
Q96HJ5	MS4A3	FALSE	FALSE	FALSE	FALSE
Q96I27	ZNF625	FALSE	FALSE	FALSE	FALSE
Q96I82	KAZALD1	FALSE	FALSE	FALSE	FALSE
Q96IW2	SHD	FALSE	FALSE	FALSE	FALSE
Q96J77	TPD52L3	FALSE	FALSE	FALSE	FALSE
Q96J87	CELF6	FALSE	FALSE	FALSE	FALSE
Q96JB8	MPP4	FALSE	FALSE	FALSE	FALSE
Q96JC4	ZNF479	FALSE	TRUE	FALSE	TRUE
Q96JG8	MAGED4; MAGED4B	FALSE	FALSE	FALSE	FALSE
Q96JH7	VCPIP1	FALSE	TRUE	FALSE	TRUE
Q96JS3	PGBD1	FALSE	FALSE	FALSE	FALSE
Q96JT2	SLC45A3	TRUE	FALSE	TRUE	TRUE
Q96K37	SLC35E1	FALSE	FALSE	FALSE	FALSE
Q96KN9	GJD4	FALSE	FALSE	FALSE	FALSE
Q96KX0	LYZL4	FALSE	FALSE	FALSE	FALSE
Q96KX2	CAPZA3	FALSE	FALSE	FALSE	FALSE
Q96L12	CALR3	FALSE	FALSE	FALSE	FALSE
Q96L21	RPL10L	FALSE	FALSE	FALSE	FALSE
Q96L73	NSD1	TRUE	TRUE	TRUE	TRUE
Q96L92	SNX27	FALSE	FALSE	FALSE	FALSE
Q96L93	KIF16B	FALSE	TRUE	FALSE	TRUE
Q96LA5	FCRL2	FALSE	FALSE	FALSE	FALSE
Q96LB4	ATP6V1G3	FALSE	FALSE	FALSE	FALSE
Q96LD4	TRIM47	FALSE	FALSE	FALSE	FALSE
Q96LT4	SAMD8	FALSE	FALSE	FALSE	FALSE
Q96LW9	ZSCAN31	FALSE	TRUE	FALSE	TRUE
Q96LY2	CCDC74B	FALSE	FALSE	FALSE	FALSE
Q96LZ3	PPP3R2	FALSE	FALSE	FALSE	FALSE
Q96M43	NBPF4	FALSE	FALSE	FALSE	FALSE
Q96M93	ADAD1	FALSE	FALSE	FALSE	FALSE
Q96M94	KLHL15	FALSE	FALSE	FALSE	FALSE
Q96ME7	ZNF512	FALSE	FALSE	FALSE	FALSE
Q96MF6	COQ10A	FALSE	FALSE	FALSE	FALSE
Q96MR9	ZNF560	FALSE	FALSE	FALSE	FALSE
Q96MU7	YTHDC1	FALSE	FALSE	FALSE	FALSE
Q96N77	ZNF641	FALSE	FALSE	FALSE	FALSE
Q96NB2	SFXN2	FALSE	FALSE	FALSE	FALSE
Q96NI8	ZNF570	FALSE	FALSE	FALSE	FALSE
Q96NL3	ZNF599	FALSE	FALSE	FALSE	FALSE
Q96P31	FCRL3	FALSE	FALSE	FALSE	FALSE
Q96PB7	OLFM3	FALSE	TRUE	FALSE	TRUE
Q96PC3	AP1S3	FALSE	FALSE	FALSE	FALSE
Q96PE6	ZIM3	FALSE	FALSE	FALSE	FALSE
Q96PF1	TGM7	FALSE	FALSE	FALSE	FALSE
Q96PU9	CIMAP1A	FALSE	FALSE	FALSE	FALSE
Q96PV7	FAM193B	FALSE	FALSE	FALSE	FALSE
Q96PZ7	CSMD1	FALSE	FALSE	FALSE	FALSE
Q96Q04	LMTK3	FALSE	FALSE	FALSE	FALSE
Q96Q77	CIB3	FALSE	FALSE	FALSE	FALSE
Q96QE4	LRRC37B	FALSE	FALSE	FALSE	FALSE
Q96QF0	RAB3IP	FALSE	FALSE	FALSE	FALSE
Q96QH8	SPACA5; SPACA5B	FALSE	FALSE	FALSE	FALSE
Q96QS6	PSKH2	FALSE	FALSE	FALSE	FALSE
Q96QV6	H2AC1	FALSE	FALSE	FALSE	FALSE
Q96QZ0	PANX3	FALSE	FALSE	FALSE	FALSE
Q96RT6	CTAGE1	FALSE	FALSE	FALSE	FALSE
Q96S99	PLEKHF1	FALSE	FALSE	FALSE	FALSE
Q96SB3	PPP1R9B	FALSE	TRUE	FALSE	TRUE
Q96SF2	CCT8L2	FALSE	TRUE	FALSE	TRUE
Q96SZ4	ZSCAN10	FALSE	FALSE	FALSE	FALSE
Q96T23	RSF1	FALSE	FALSE	FALSE	FALSE
Q99081	TCF12	TRUE	TRUE	TRUE	TRUE
Q99418	CYTH2	FALSE	FALSE	FALSE	FALSE
Q99500	S1PR3	FALSE	FALSE	FALSE	FALSE
Q99578	RIT2	FALSE	TRUE	FALSE	TRUE
Q99581	FEV	TRUE	TRUE	TRUE	TRUE
Q99590	SCAF11	FALSE	FALSE	FALSE	FALSE
Q99619	SPSB2	FALSE	FALSE	FALSE	FALSE
Q99650	OSMR	FALSE	TRUE	FALSE	TRUE
Q99666	RGPD5; RGPD6	FALSE	FALSE	FALSE	FALSE
Q99717	SMAD5	FALSE	FALSE	FALSE	FALSE
Q99735	MGST2	FALSE	FALSE	FALSE	FALSE
Q99816	TSG101	FALSE	FALSE	FALSE	FALSE
Q99944	EGFL8	FALSE	FALSE	FALSE	FALSE
Q99966	CITED1	FALSE	FALSE	FALSE	FALSE
Q9BQ87	TBL1Y	FALSE	FALSE	FALSE	FALSE
Q9BQB6	VKORC1	FALSE	FALSE	FALSE	FALSE
Q9BQF6	SENP7	FALSE	FALSE	FALSE	FALSE
Q9BRR0	ZKSCAN3	FALSE	TRUE	FALSE	TRUE
Q9BS26	ERP44	FALSE	FALSE	FALSE	FALSE
Q9BSJ1	TRIM51	FALSE	TRUE	FALSE	TRUE
Q9BSK4	FEM1A	FALSE	TRUE	FALSE	TRUE
Q9BSU3	NAA11	FALSE	FALSE	FALSE	FALSE
Q9BT22	ALG1	FALSE	FALSE	FALSE	FALSE
Q9BTC0	DIDO1	FALSE	FALSE	FALSE	FALSE
Q9BTU6	PI4K2A	FALSE	FALSE	FALSE	FALSE
Q9BTZ2	DHRS4	FALSE	FALSE	FALSE	FALSE
Q9BV97	ZNF747	FALSE	FALSE	FALSE	FALSE
Q9BVG9	PTDSS2	FALSE	FALSE	FALSE	FALSE
Q9BVI0	PHF20	FALSE	FALSE	FALSE	FALSE
Q9BW60	ELOVL1	FALSE	FALSE	FALSE	FALSE
Q9BW85	YJU2	FALSE	FALSE	FALSE	FALSE
Q9BWG4	SSBP4	FALSE	FALSE	FALSE	FALSE
Q9BWU1	CDK19	FALSE	FALSE	FALSE	FALSE
Q9BWV1	BOC	FALSE	TRUE	FALSE	TRUE
Q9BWW4	SSBP3	FALSE	FALSE	FALSE	FALSE
Q9BWW7	SCRT1	FALSE	FALSE	FALSE	FALSE
Q9BWW9	APOL5	FALSE	FALSE	FALSE	FALSE
Q9BXA7	TSSK1B	FALSE	FALSE	FALSE	FALSE
Q9BXF3	CECR2	FALSE	FALSE	FALSE	FALSE
Q9BXF6	RAB11FIP5	FALSE	FALSE	FALSE	FALSE
Q9BXI2	SLC25A2	FALSE	FALSE	FALSE	FALSE
Q9BXJ3	C1QTNF4	FALSE	FALSE	FALSE	FALSE
Q9BXR5	TLR10	FALSE	FALSE	FALSE	FALSE
Q9BXS1	IDI2	FALSE	FALSE	FALSE	FALSE
Q9BXU8	FTHL17	FALSE	FALSE	FALSE	FALSE
Q9BY66	KDM5D	FALSE	FALSE	TRUE	TRUE
Q9BYJ4	TRIM34	FALSE	FALSE	FALSE	FALSE
Q9BYK8	HELZ2	FALSE	TRUE	FALSE	TRUE
Q9BYU1	PBX4	FALSE	FALSE	FALSE	FALSE
Q9BYV9	BACH2	FALSE	TRUE	TRUE	TRUE
Q9BYW1	SLC2A11	FALSE	FALSE	FALSE	FALSE
Q9BYZ2	LDHAL6B	FALSE	FALSE	FALSE	FALSE
Q9BZ71	PITPNM3	FALSE	FALSE	FALSE	FALSE
Q9BZC7	ABCA2	FALSE	FALSE	FALSE	FALSE
Q9BZF1	OSBPL8	FALSE	TRUE	FALSE	TRUE
Q9BZL6	PRKD2	FALSE	TRUE	FALSE	TRUE
Q9BZX4	ROPN1B	FALSE	FALSE	FALSE	FALSE
Q9C030	TRIM6	FALSE	FALSE	FALSE	FALSE
Q9C0A0	CNTNAP4	FALSE	FALSE	FALSE	FALSE
Q9C0E4	GRIP2	FALSE	FALSE	FALSE	FALSE
Q9C0I1	MTMR12	FALSE	FALSE	FALSE	FALSE
Q9C0K7	STRADB	FALSE	FALSE	FALSE	FALSE
Q9GZM3	POLR2J2	FALSE	FALSE	FALSE	FALSE
Q9GZR1	SENP6	FALSE	FALSE	FALSE	FALSE
Q9GZS9	CHST5	FALSE	FALSE	FALSE	FALSE
Q9GZY0	NXF2; NXF2B	FALSE	FALSE	FALSE	FALSE
Q9GZZ7	GFRA4	FALSE	FALSE	FALSE	FALSE
Q9H0C2	SLC25A31	FALSE	FALSE	FALSE	FALSE
Q9H0I9	TKTL2	FALSE	TRUE	FALSE	TRUE
Q9H0K4	RSPH6A	FALSE	FALSE	FALSE	FALSE
Q9H0M0	WWP1	FALSE	TRUE	TRUE	TRUE
Q9H0N5	PCBD2	FALSE	FALSE	FALSE	FALSE
Q9H0S4	DDX47	FALSE	FALSE	FALSE	FALSE
Q9H0W5	CCDC8	FALSE	FALSE	FALSE	FALSE
Q9H160	ING2	FALSE	FALSE	FALSE	FALSE
Q9H169	STMN4	FALSE	FALSE	FALSE	FALSE
Q9H1J1	UPF3A	FALSE	FALSE	FALSE	FALSE
Q9H1J5	WNT8A	FALSE	FALSE	FALSE	FALSE
Q9H254	SPTBN4	FALSE	TRUE	FALSE	TRUE
Q9H299	SH3BGRL3	FALSE	FALSE	FALSE	FALSE
Q9H2B4	SLC26A1	FALSE	FALSE	FALSE	FALSE
Q9H2R5	KLK15	FALSE	FALSE	FALSE	FALSE
Q9H2U9	ADAM7	FALSE	TRUE	FALSE	TRUE
Q9H306	MMP27	FALSE	FALSE	FALSE	FALSE
Q9H329	EPB41L4B	FALSE	FALSE	FALSE	FALSE
Q9H347	UBQLN3	FALSE	FALSE	FALSE	FALSE
Q9H3M9	ATXN3L	FALSE	TRUE	FALSE	TRUE
Q9H3Q1	CDC42EP4	FALSE	FALSE	FALSE	FALSE
Q9H3R1	NDST4	FALSE	TRUE	FALSE	TRUE
Q9H3Y0	R3HDML	FALSE	FALSE	FALSE	FALSE
Q9H4I0	RAD21L1	FALSE	FALSE	FALSE	FALSE
Q9H4T2	ZSCAN16	FALSE	FALSE	FALSE	FALSE
Q9H4W6	EBF3	FALSE	FALSE	FALSE	FALSE
Q9H503	BANF2	FALSE	TRUE	FALSE	TRUE
Q9H596	DUSP21	FALSE	FALSE	FALSE	FALSE
Q9H5J0	ZBTB3	FALSE	FALSE	FALSE	FALSE
Q9H5P4	PDZD7	FALSE	FALSE	FALSE	FALSE
Q9H6U8	ALG9	FALSE	FALSE	FALSE	FALSE
Q9H6Z4	RANBP3	FALSE	FALSE	FALSE	FALSE
Q9H7M6	ZSWIM4	FALSE	FALSE	FALSE	FALSE
Q9H7P9	PLEKHG2	FALSE	FALSE	FALSE	FALSE
Q9H8N7	ZNF395	FALSE	FALSE	FALSE	FALSE
Q9H8U3	ZFAND3	FALSE	FALSE	FALSE	FALSE
Q9H8W4	PLEKHF2	FALSE	FALSE	FALSE	FALSE
Q9H8X9	ZDHHC11	FALSE	FALSE	FALSE	FALSE
Q9H903	MTHFD2L	FALSE	FALSE	FALSE	FALSE
Q9H930	SP140L	FALSE	FALSE	FALSE	FALSE
Q9H9L7	AKIRIN1	FALSE	FALSE	FALSE	FALSE
Q9HA47	UCK1	FALSE	FALSE	FALSE	FALSE
Q9HA77	CARS2	FALSE	FALSE	FALSE	FALSE
Q9HAR2	ADGRL3	FALSE	TRUE	FALSE	TRUE
Q9HAT1	LMAN1L	FALSE	FALSE	FALSE	FALSE
Q9HAV0	GNB4	FALSE	FALSE	FALSE	FALSE
Q9HB20	PLEKHA3	FALSE	FALSE	FALSE	FALSE
Q9HB21	PLEKHA1	FALSE	FALSE	FALSE	FALSE
Q9HB55	CYP3A43	FALSE	FALSE	FALSE	FALSE
Q9HB90	RRAGC	FALSE	FALSE	TRUE	TRUE
Q9HBD1	RC3H2	FALSE	FALSE	FALSE	FALSE
Q9HBH5	RDH14	FALSE	FALSE	FALSE	FALSE
Q9HBL6	LRTM1	FALSE	TRUE	FALSE	TRUE
Q9HBT7	ZNF287	FALSE	FALSE	FALSE	FALSE
Q9HBU6	ETNK1	TRUE	TRUE	TRUE	TRUE
Q9HBY0	NOX3	FALSE	FALSE	FALSE	FALSE
Q9HC44	GPBP1L1	FALSE	FALSE	FALSE	FALSE
Q9HC96	CAPN10	FALSE	FALSE	FALSE	FALSE
Q9HCE7	SMURF1	FALSE	FALSE	FALSE	FALSE
Q9HCE9	ANO8	FALSE	FALSE	FALSE	FALSE
Q9HCK8	CHD8	FALSE	TRUE	FALSE	TRUE
Q9HCL2	GPAM	FALSE	TRUE	FALSE	TRUE
Q9HCL3	ZFP14	FALSE	TRUE	FALSE	TRUE
Q9HCN3	PGAP6	FALSE	FALSE	FALSE	FALSE
Q9HCS4	TCF7L1	FALSE	TRUE	FALSE	TRUE
Q9HCT0	FGF22	FALSE	FALSE	FALSE	FALSE
Q9HCU0	CD248	FALSE	FALSE	FALSE	FALSE
Q9HCX3	ZNF304	FALSE	FALSE	FALSE	FALSE
Q9HCX4	TRPC7	FALSE	TRUE	FALSE	TRUE
Q9HD45	TM9SF3	FALSE	FALSE	FALSE	FALSE
Q9NNZ3	DNAJC4	FALSE	FALSE	FALSE	FALSE
Q9NP85	NPHS2	FALSE	FALSE	FALSE	FALSE
Q9NP97	DYNLRB1	FALSE	FALSE	FALSE	FALSE
Q9NQ03	SCRT2	FALSE	FALSE	FALSE	FALSE
Q9NQ29	LUC7L	FALSE	TRUE	FALSE	TRUE
Q9NQ94	A1CF	FALSE	TRUE	TRUE	TRUE
Q9NQA5	TRPV5	FALSE	TRUE	FALSE	TRUE
Q9NQC1	JADE2	FALSE	FALSE	FALSE	FALSE
Q9NQE7	PRSS16	FALSE	FALSE	FALSE	FALSE
Q9NQI0	DDX4	FALSE	FALSE	TRUE	TRUE
Q9NQR9	G6PC2	FALSE	FALSE	FALSE	FALSE
Q9NQV5	PRDM11	FALSE	FALSE	FALSE	FALSE
Q9NQW1	SEC31B	FALSE	FALSE	FALSE	FALSE
Q9NR11	ZNF302	FALSE	FALSE	FALSE	FALSE
Q9NR20	DYRK4	FALSE	FALSE	FALSE	FALSE
Q9NR46	SH3GLB2	FALSE	FALSE	FALSE	FALSE
Q9NR48	ASH1L	FALSE	TRUE	FALSE	TRUE
Q9NR64	KLHL1	FALSE	FALSE	FALSE	FALSE
Q9NR96	TLR9	FALSE	TRUE	FALSE	TRUE
Q9NRD1	FBXO6	FALSE	FALSE	FALSE	FALSE
Q9NRE1	MMP26	FALSE	FALSE	FALSE	FALSE
Q9NRF2	SH2B1	FALSE	FALSE	FALSE	FALSE
Q9NRJ5	PAPOLB	FALSE	TRUE	FALSE	TRUE
Q9NRS6	SNX15	FALSE	FALSE	FALSE	FALSE
Q9NRY4	ARHGAP35	TRUE	TRUE	TRUE	TRUE
Q9NRY6	PLSCR3	FALSE	FALSE	FALSE	FALSE
Q9NS00	C1GALT1	FALSE	FALSE	FALSE	FALSE
Q9NSI6	BRWD1	FALSE	FALSE	FALSE	FALSE
Q9NSN8	SNTG1	FALSE	FALSE	FALSE	FALSE
Q9NUB1	ACSS1	FALSE	FALSE	FALSE	FALSE
Q9NV79	PCMTD2	FALSE	FALSE	FALSE	FALSE
Q9NVJ2	ARL8B	FALSE	FALSE	FALSE	FALSE
Q9NVK5	FGFR1OP2	FALSE	FALSE	FALSE	FALSE
Q9NVN3	RIC8B	FALSE	FALSE	FALSE	FALSE
Q9NVW2	RLIM	FALSE	TRUE	FALSE	TRUE
Q9NWD8	TMEM248	FALSE	FALSE	FALSE	FALSE
Q9NWH9	SLTM	FALSE	FALSE	FALSE	FALSE
Q9NWQ4	GPATCH2L	FALSE	FALSE	FALSE	FALSE
Q9NWT6	HIF1AN	FALSE	FALSE	FALSE	FALSE
Q9NX07	TRNAU1AP	FALSE	FALSE	FALSE	FALSE
Q9NX40	OCIAD1	FALSE	FALSE	FALSE	FALSE
Q9NXJ0	MS4A12	FALSE	FALSE	FALSE	FALSE
Q9NXL9	MCM9	FALSE	FALSE	FALSE	FALSE
Q9NXN4	GDAP2	FALSE	FALSE	FALSE	FALSE
Q9NXS3	KLHL28	FALSE	FALSE	FALSE	FALSE
Q9NXV6	CDKN2AIP	FALSE	TRUE	FALSE	TRUE
Q9NY30	BTG4	FALSE	FALSE	FALSE	FALSE
Q9NY57	STK32B	FALSE	FALSE	FALSE	FALSE
Q9NYF3	FAM53C	FALSE	FALSE	FALSE	FALSE
Q9NYF8	BCLAF1	FALSE	TRUE	FALSE	TRUE
Q9NYP7	ELOVL5	FALSE	FALSE	FALSE	FALSE
Q9NYR8	RDH8	FALSE	FALSE	FALSE	FALSE
Q9NYT6	ZNF226	FALSE	TRUE	FALSE	TRUE
Q9NZ52	GGA3	FALSE	TRUE	FALSE	TRUE
Q9NZH5	PTTG2	FALSE	FALSE	FALSE	FALSE
Q9NZK7	PLA2G2E	FALSE	FALSE	FALSE	FALSE
Q9NZL3	ZNF224	FALSE	FALSE	FALSE	FALSE
Q9NZM1	MYOF	FALSE	FALSE	FALSE	FALSE
Q9NZM6	PKD2L2	FALSE	FALSE	FALSE	FALSE
Q9NZN1	IL1RAPL1	FALSE	FALSE	FALSE	FALSE
Q9NZN9	AIPL1	FALSE	FALSE	FALSE	FALSE
Q9NZS9	BFAR	FALSE	FALSE	FALSE	FALSE
Q9P0S3	ORMDL1	FALSE	FALSE	FALSE	FALSE
Q9P0S9	TMEM14C	FALSE	FALSE	FALSE	FALSE
Q9P104	DOK5	FALSE	FALSE	FALSE	FALSE
Q9P1Y6	PHRF1	FALSE	FALSE	FALSE	FALSE
Q9P2E9	RRBP1	FALSE	FALSE	FALSE	FALSE
Q9P2G9	KLHL8	FALSE	TRUE	FALSE	TRUE
Q9P2J8	ZNF624	FALSE	TRUE	FALSE	TRUE
Q9P2J9	PDP2	FALSE	TRUE	FALSE	TRUE
Q9P2N2	ARHGAP28	FALSE	TRUE	FALSE	TRUE
Q9P2N5	RBM27	FALSE	TRUE	FALSE	TRUE
Q9P2P1	NYNRIN	FALSE	FALSE	FALSE	FALSE
Q9P2R7	SUCLA2	FALSE	FALSE	FALSE	FALSE
Q9P2U8	SLC17A6	FALSE	FALSE	FALSE	FALSE
Q9P2Y4	ZNF219	FALSE	FALSE	FALSE	FALSE
Q9UBE8	NLK	FALSE	FALSE	FALSE	FALSE
Q9UBF9	MYOT	FALSE	FALSE	FALSE	FALSE
Q9UBG7	RBPJL	FALSE	FALSE	FALSE	FALSE
Q9UBI4	STOML1	FALSE	FALSE	FALSE	FALSE
Q9UBK7	RABL2A	FALSE	FALSE	FALSE	FALSE
Q9UBL0	ARPP21	FALSE	FALSE	FALSE	FALSE
Q9UBM4	OPTC	FALSE	FALSE	FALSE	FALSE
Q9UBQ6	EXTL2	FALSE	FALSE	FALSE	FALSE
Q9UDT6	CLIP2	FALSE	TRUE	FALSE	TRUE
Q9UEE5	STK17A	FALSE	FALSE	FALSE	FALSE
Q9UGC7	MTRF1L	FALSE	FALSE	FALSE	FALSE
Q9UGK8	SERGEF	FALSE	FALSE	FALSE	FALSE
Q9UGP5	POLL	FALSE	FALSE	FALSE	FALSE
Q9UH90	FBXO40	FALSE	TRUE	FALSE	TRUE
Q9UHC1	MLH3	FALSE	TRUE	TRUE	TRUE
Q9UHD2	TBK1	FALSE	TRUE	FALSE	TRUE
Q9UHF5	IL17B	FALSE	FALSE	FALSE	FALSE
Q9UHJ3	SFMBT1	FALSE	FALSE	FALSE	FALSE
Q9UHL4	DPP7	FALSE	TRUE	FALSE	TRUE
Q9UHV7	MED13	FALSE	TRUE	FALSE	TRUE
Q9UHW9	SLC12A6	FALSE	TRUE	FALSE	TRUE
Q9UHX3	ADGRE2	FALSE	FALSE	FALSE	FALSE
Q9UIE0	ZNF230	FALSE	FALSE	FALSE	FALSE
Q9UIF9	BAZ2A	FALSE	TRUE	FALSE	TRUE
Q9UIG8	SLCO3A1	FALSE	FALSE	FALSE	FALSE
Q9UIR0	BTNL2	FALSE	FALSE	FALSE	FALSE
Q9UJ78	ZMYM5	FALSE	FALSE	FALSE	FALSE
Q9UJQ7	SCP2D1	FALSE	FALSE	FALSE	FALSE
Q9UJT0	TUBE1	FALSE	FALSE	FALSE	FALSE
Q9UJU6	DBNL	FALSE	FALSE	FALSE	FALSE
Q9UJV3	MID2	FALSE	FALSE	FALSE	FALSE
Q9UJW2	TINAG	FALSE	FALSE	FALSE	FALSE
Q9UJW3	DNMT3L	FALSE	FALSE	FALSE	FALSE
Q9UK10	ZNF225	FALSE	FALSE	FALSE	FALSE
Q9UK12	ZNF222	FALSE	FALSE	FALSE	FALSE
Q9UK13	ZNF221	FALSE	FALSE	FALSE	FALSE
Q9UK39	NOCT	FALSE	FALSE	FALSE	FALSE
Q9UK58	CCNL1	FALSE	TRUE	FALSE	TRUE
Q9UKA8	RCAN3	FALSE	FALSE	FALSE	FALSE
Q9UKL0	RCOR1	FALSE	FALSE	FALSE	FALSE
Q9UKL4	GJD2	FALSE	FALSE	FALSE	FALSE
Q9UKP5	ADAMTS6	FALSE	TRUE	FALSE	TRUE
Q9UKQ9	KLK9	FALSE	FALSE	FALSE	FALSE
Q9UKR8	TSPAN16	FALSE	FALSE	FALSE	FALSE
Q9UKY1	ZHX1	FALSE	FALSE	FALSE	FALSE
Q9UL01	DSE	FALSE	TRUE	FALSE	TRUE
Q9UL15	BAG5	FALSE	FALSE	FALSE	FALSE
Q9UL25	RAB21	FALSE	FALSE	FALSE	FALSE
Q9UL36	ZNF236	FALSE	FALSE	FALSE	FALSE
Q9ULD4	BRPF3	FALSE	TRUE	FALSE	TRUE
Q9ULH1	ASAP1	FALSE	FALSE	FALSE	FALSE
Q9ULK2	ATXN7L1	FALSE	FALSE	FALSE	FALSE
Q9ULM2	ZNF490	FALSE	FALSE	FALSE	FALSE
Q9ULR5	PAIP2B	FALSE	FALSE	FALSE	FALSE
Q9UN30	SCML1	FALSE	FALSE	FALSE	FALSE
Q9UN42	ATP1B4	FALSE	FALSE	FALSE	FALSE
Q9UN79	SOX13	FALSE	FALSE	FALSE	FALSE
Q9UN86	G3BP2	FALSE	TRUE	FALSE	TRUE
Q9UNA0	ADAMTS5	FALSE	TRUE	FALSE	TRUE
Q9UNE7	STUB1	FALSE	TRUE	FALSE	TRUE
Q9UNK9	ANGEL1	FALSE	FALSE	FALSE	FALSE
Q9UNN4	GTF2A1L	FALSE	FALSE	FALSE	FALSE
Q9UP38	FZD1	FALSE	TRUE	FALSE	TRUE
Q9UPN6	SCAF8	FALSE	FALSE	FALSE	FALSE
Q9UPN9	TRIM33	TRUE	TRUE	TRUE	TRUE
Q9UPQ3	AGAP1	FALSE	FALSE	FALSE	FALSE
Q9UPT8	ZC3H4	FALSE	TRUE	FALSE	TRUE
Q9UPY3	DICER1	TRUE	TRUE	TRUE	TRUE
Q9UPY8	MAPRE3	FALSE	TRUE	FALSE	TRUE
Q9UQ88	CDK11A	FALSE	TRUE	FALSE	TRUE
Q9Y233	PDE10A	FALSE	FALSE	FALSE	FALSE
Q9Y250	LZTS1	FALSE	FALSE	TRUE	TRUE
Q9Y252	RNF6	FALSE	FALSE	FALSE	FALSE
Q9Y296	TRAPPC4	FALSE	FALSE	FALSE	FALSE
Q9Y297	BTRC	FALSE	FALSE	FALSE	FALSE
Q9Y2C9	TLR6	FALSE	TRUE	FALSE	TRUE
Q9Y2D2	SLC35A3	FALSE	FALSE	FALSE	FALSE
Q9Y2G9	SBNO2	FALSE	FALSE	FALSE	FALSE
Q9Y2K6	USP20	FALSE	FALSE	FALSE	FALSE
Q9Y2W1	THRAP3	FALSE	TRUE	FALSE	TRUE
Q9Y2X9	ZNF281	FALSE	FALSE	FALSE	FALSE
Q9Y345	SLC6A5	FALSE	FALSE	FALSE	FALSE
Q9Y365	STARD10	FALSE	TRUE	FALSE	TRUE
Q9Y397	ZDHHC9	FALSE	FALSE	FALSE	FALSE
Q9Y3P9	RABGAP1	FALSE	FALSE	FALSE	FALSE
Q9Y3R5	DOP1B	FALSE	FALSE	FALSE	FALSE
Q9Y463	DYRK1B	FALSE	FALSE	FALSE	FALSE
Q9Y484	WDR45	FALSE	TRUE	FALSE	TRUE
Q9Y487	ATP6V0A2	FALSE	FALSE	FALSE	FALSE
Q9Y4C4	MFHAS1	FALSE	TRUE	FALSE	TRUE
Q9Y4E8	USP15	FALSE	FALSE	FALSE	FALSE
Q9Y4K4	MAP4K5	FALSE	FALSE	FALSE	FALSE
Q9Y4L5	RNF115	FALSE	FALSE	FALSE	FALSE
Q9Y536	PPIAL4A	FALSE	FALSE	FALSE	FALSE
Q9Y5B0	CTDP1	FALSE	FALSE	FALSE	FALSE
Q9Y5C1	ANGPTL3	FALSE	FALSE	FALSE	FALSE
Q9Y5E4	PCDHB5	FALSE	FALSE	FALSE	FALSE
Q9Y5F0	PCDHB13	FALSE	FALSE	FALSE	FALSE
Q9Y5K6	CD2AP	FALSE	FALSE	FALSE	FALSE
Q9Y5W8	SNX13	FALSE	FALSE	FALSE	FALSE
Q9Y5X9	LIPG	FALSE	FALSE	FALSE	FALSE
Q9Y603	ETV7	FALSE	FALSE	FALSE	FALSE
Q9Y614	ACTL7B	FALSE	TRUE	FALSE	TRUE
Q9Y615	ACTL7A	FALSE	FALSE	FALSE	FALSE
Q9Y625	GPC6	FALSE	TRUE	FALSE	TRUE
Q9Y657	SPIN1	FALSE	FALSE	FALSE	FALSE
Q9Y692	GMEB1	FALSE	FALSE	FALSE	FALSE
Q9Y6B7	AP4B1	FALSE	FALSE	FALSE	FALSE
Q9Y6C2	EMILIN1	FALSE	FALSE	FALSE	FALSE
Q9Y6F7	CDY2A; CDY2B	FALSE	FALSE	FALSE	FALSE
Q9Y6F8	CDY1; CDY1B	FALSE	FALSE	FALSE	FALSE
Q9Y6K5	OAS3	FALSE	FALSE	FALSE	FALSE
Q9Y6M4	CSNK1G3	FALSE	FALSE	FALSE	FALSE
Q9Y6M5	SLC30A1	FALSE	FALSE	FALSE	FALSE
Q9Y6Q3	ZFP37	FALSE	FALSE	FALSE	FALSE
Q9Y6Y1	CAMTA1	TRUE	TRUE	TRUE	TRUE
U3KPV4	A3GALT2	FALSE	FALSE	FALSE	FALSE
